id,name,segment,city
1,"Customer 1","Gold","Mumbai"
2,"Customer 2","Silver","Delhi"
3,"Customer 3","Bronze","Pune"
4,"Customer 4","Gold","Bengaluru"
5,"Customer 5","Silver","Mumbai"
6,"Customer 6","Bronze","Delhi"
7,"Customer 7","Gold","Pune"
8,"Customer 8","Silver","Bengaluru"
9,"Customer 9","Bronze","Mumbai"
10,"Customer 10","Gold","Delhi"
11,"Customer 11","Silver","Pune"
12,"Customer 12","Bronze","Bengaluru"
13,"Customer 13","Gold","Mumbai"
14,"Customer 14","Silver","Delhi"
15,"Customer 15","Bronze","Pune"
16,"Customer 16","Gold","Bengaluru"
17,"Customer 17","Silver","Mumbai"
18,"Customer 18","Bronze","Delhi"
19,"Customer 19","Gold","Pune"
20,"Customer 20","Silver","Bengaluru"
21,"Customer 21","Bronze","Mumbai"
22,"Customer 22","Gold","Delhi"
23,"Customer 23","Silver","Pune"
24,"Customer 24","Bronze","Bengaluru"
25,"Customer 25","Gold","Mumbai"
26,"Customer 26","Silver","Delhi"
27,"Customer 27","Bronze","Pune"
28,"Customer 28","Gold","Bengaluru"
29,"Customer 29","Silver","Mumbai"
30,"Customer 30","Bronze","Delhi"
31,"Customer 31","Gold","Pune"
32,"Customer 32","Silver","Bengaluru"
33,"Customer 33","Bronze","Mumbai"
34,"Customer 34","Gold","Delhi"
35,"Customer 35","Silver","Pune"
36,"Customer 36","Bronze","Bengaluru"
37,"Customer 37","Gold","Mumbai"
38,"Customer 38","Silver","Delhi"
39,"Customer 39","Bronze","Pune"
40,"Customer 40","Gold","Bengaluru"
41,"Customer 41","Silver","Mumbai"
42,"Customer 42","Bronze","Delhi"
43,"Customer 43","Gold","Pune"
44,"Customer 44","Silver","Bengaluru"
45,"Customer 45","Bronze","Mumbai"
46,"Customer 46","Gold","Delhi"
47,"Customer 47","Silver","Pune"
48,"Customer 48","Bronze","Bengaluru"
49,"Customer 49","Gold","Mumbai"
50,"Customer 50","Silver","Delhi"
51,"Customer 51","Bronze","Pune"
52,"Customer 52","Gold","Bengaluru"
53,"Customer 53","Silver","Mumbai"
54,"Customer 54","Bronze","Delhi"
55,"Customer 55","Gold","Pune"
56,"Customer 56","Silver","Bengaluru"
57,"Customer 57","Bronze","Mumbai"
58,"Customer 58","Gold","Delhi"
59,"Customer 59","Silver","Pune"
60,"Customer 60","Bronze","Bengaluru"
61,"Customer 61","Gold","Mumbai"
62,"Customer 62","Silver","Delhi"
63,"Customer 63","Bronze","Pune"
64,"Customer 64","Gold","Bengaluru"
65,"Customer 65","Silver","Mumbai"
66,"Customer 66","Bronze","Delhi"
67,"Customer 67","Gold","Pune"
68,"Customer 68","Silver","Bengaluru"
69,"Customer 69","Bronze","Mumbai"
70,"Customer 70","Gold","Delhi"
71,"Customer 71","Silver","Pune"
72,"Customer 72","Bronze","Bengaluru"
73,"Customer 73","Gold","Mumbai"
74,"Customer 74","Silver","Delhi"
75,"Customer 75","Bronze","Pune"
76,"Customer 76","Gold","Bengaluru"
77,"Customer 77","Silver","Mumbai"
78,"Customer 78","Bronze","Delhi"
79,"Customer 79","Gold","Pune"
80,"Customer 80","Silver","Bengaluru"
81,"Customer 81","Bronze","Mumbai"
82,"Customer 82","Gold","Delhi"
83,"Customer 83","Silver","Pune"
84,"Customer 84","Bronze","Bengaluru"
85,"Customer 85","Gold","Mumbai"
86,"Customer 86","Silver","Delhi"
87,"Customer 87","Bronze","Pune"
88,"Customer 88","Gold","Bengaluru"
89,"Customer 89","Silver","Mumbai"
90,"Customer 90","Bronze","Delhi"
91,"Customer 91","Gold","Pune"
92,"Customer 92","Silver","Bengaluru"
93,"Customer 93","Bronze","Mumbai"
94,"Customer 94","Gold","Delhi"
95,"Customer 95","Silver","Pune"
96,"Customer 96","Bronze","Bengaluru"
97,"Customer 97","Gold","Mumbai"
98,"Customer 98","Silver","Delhi"
99,"Customer 99","Bronze","Pune"
100,"Customer 100","Gold","Bengaluru"
101,"Customer 101","Silver","Mumbai"
102,"Customer 102","Bronze","Delhi"
103,"Customer 103","Gold","Pune"
104,"Customer 104","Silver","Bengaluru"
105,"Customer 105","Bronze","Mumbai"
106,"Customer 106","Gold","Delhi"
107,"Customer 107","Silver","Pune"
108,"Customer 108","Bronze","Bengaluru"
109,"Customer 109","Gold","Mumbai"
110,"Customer 110","Silver","Delhi"
111,"Customer 111","Bronze","Pune"
112,"Customer 112","Gold","Bengaluru"
113,"Customer 113","Silver","Mumbai"
114,"Customer 114","Bronze","Delhi"
115,"Customer 115","Gold","Pune"
116,"Customer 116","Silver","Bengaluru"
117,"Customer 117","Bronze","Mumbai"
118,"Customer 118","Gold","Delhi"
119,"Customer 119","Silver","Pune"
120,"Customer 120","Bronze","Bengaluru"
121,"Customer 121","Gold","Mumbai"
122,"Customer 122","Silver","Delhi"
123,"Customer 123","Bronze","Pune"
124,"Customer 124","Gold","Bengaluru"
125,"Customer 125","Silver","Mumbai"
126,"Customer 126","Bronze","Delhi"
127,"Customer 127","Gold","Pune"
128,"Customer 128","Silver","Bengaluru"
129,"Customer 129","Bronze","Mumbai"
130,"Customer 130","Gold","Delhi"
131,"Customer 131","Silver","Pune"
132,"Customer 132","Bronze","Bengaluru"
133,"Customer 133","Gold","Mumbai"
134,"Customer 134","Silver","Delhi"
135,"Customer 135","Bronze","Pune"
136,"Customer 136","Gold","Bengaluru"
137,"Customer 137","Silver","Mumbai"
138,"Customer 138","Bronze","Delhi"
139,"Customer 139","Gold","Pune"
140,"Customer 140","Silver","Bengaluru"
141,"Customer 141","Bronze","Mumbai"
142,"Customer 142","Gold","Delhi"
143,"Customer 143","Silver","Pune"
144,"Customer 144","Bronze","Bengaluru"
145,"Customer 145","Gold","Mumbai"
146,"Customer 146","Silver","Delhi"
147,"Customer 147","Bronze","Pune"
148,"Customer 148","Gold","Bengaluru"
149,"Customer 149","Silver","Mumbai"
150,"Customer 150","Bronze","Delhi"
151,"Customer 151","Gold","Pune"
152,"Customer 152","Silver","Bengaluru"
153,"Customer 153","Bronze","Mumbai"
154,"Customer 154","Gold","Delhi"
155,"Customer 155","Silver","Pune"
156,"Customer 156","Bronze","Bengaluru"
157,"Customer 157","Gold","Mumbai"
158,"Customer 158","Silver","Delhi"
159,"Customer 159","Bronze","Pune"
160,"Customer 160","Gold","Bengaluru"
161,"Customer 161","Silver","Mumbai"
162,"Customer 162","Bronze","Delhi"
163,"Customer 163","Gold","Pune"
164,"Customer 164","Silver","Bengaluru"
165,"Customer 165","Bronze","Mumbai"
166,"Customer 166","Gold","Delhi"
167,"Customer 167","Silver","Pune"
168,"Customer 168","Bronze","Bengaluru"
169,"Customer 169","Gold","Mumbai"
170,"Customer 170","Silver","Delhi"
171,"Customer 171","Bronze","Pune"
172,"Customer 172","Gold","Bengaluru"
173,"Customer 173","Silver","Mumbai"
174,"Customer 174","Bronze","Delhi"
175,"Customer 175","Gold","Pune"
176,"Customer 176","Silver","Bengaluru"
177,"Customer 177","Bronze","Mumbai"
178,"Customer 178","Gold","Delhi"
179,"Customer 179","Silver","Pune"
180,"Customer 180","Bronze","Bengaluru"
181,"Customer 181","Gold","Mumbai"
182,"Customer 182","Silver","Delhi"
183,"Customer 183","Bronze","Pune"
184,"Customer 184","Gold","Bengaluru"
185,"Customer 185","Silver","Mumbai"
186,"Customer 186","Bronze","Delhi"
187,"Customer 187","Gold","Pune"
188,"Customer 188","Silver","Bengaluru"
189,"Customer 189","Bronze","Mumbai"
190,"Customer 190","Gold","Delhi"
191,"Customer 191","Silver","Pune"
192,"Customer 192","Bronze","Bengaluru"
193,"Customer 193","Gold","Mumbai"
194,"Customer 194","Silver","Delhi"
195,"Customer 195","Bronze","Pune"
196,"Customer 196","Gold","Bengaluru"
197,"Customer 197","Silver","Mumbai"
198,"Customer 198","Bronze","Delhi"
199,"Customer 199","Gold","Pune"
200,"Customer 200","Silver","Bengaluru"
201,"Customer 201","Bronze","Mumbai"
202,"Customer 202","Gold","Delhi"
203,"Customer 203","Silver","Pune"
204,"Customer 204","Bronze","Bengaluru"
205,"Customer 205","Gold","Mumbai"
206,"Customer 206","Silver","Delhi"
207,"Customer 207","Bronze","Pune"
208,"Customer 208","Gold","Bengaluru"
209,"Customer 209","Silver","Mumbai"
210,"Customer 210","Bronze","Delhi"
211,"Customer 211","Gold","Pune"
212,"Customer 212","Silver","Bengaluru"
213,"Customer 213","Bronze","Mumbai"
214,"Customer 214","Gold","Delhi"
215,"Customer 215","Silver","Pune"
216,"Customer 216","Bronze","Bengaluru"
217,"Customer 217","Gold","Mumbai"
218,"Customer 218","Silver","Delhi"
219,"Customer 219","Bronze","Pune"
220,"Customer 220","Gold","Bengaluru"
221,"Customer 221","Silver","Mumbai"
222,"Customer 222","Bronze","Delhi"
223,"Customer 223","Gold","Pune"
224,"Customer 224","Silver","Bengaluru"
225,"Customer 225","Bronze","Mumbai"
226,"Customer 226","Gold","Delhi"
227,"Customer 227","Silver","Pune"
228,"Customer 228","Bronze","Bengaluru"
229,"Customer 229","Gold","Mumbai"
230,"Customer 230","Silver","Delhi"
231,"Customer 231","Bronze","Pune"
232,"Customer 232","Gold","Bengaluru"
233,"Customer 233","Silver","Mumbai"
234,"Customer 234","Bronze","Delhi"
235,"Customer 235","Gold","Pune"
236,"Customer 236","Silver","Bengaluru"
237,"Customer 237","Bronze","Mumbai"
238,"Customer 238","Gold","Delhi"
239,"Customer 239","Silver","Pune"
240,"Customer 240","Bronze","Bengaluru"
241,"Customer 241","Gold","Mumbai"
242,"Customer 242","Silver","Delhi"
243,"Customer 243","Bronze","Pune"
244,"Customer 244","Gold","Bengaluru"
245,"Customer 245","Silver","Mumbai"
246,"Customer 246","Bronze","Delhi"
247,"Customer 247","Gold","Pune"
248,"Customer 248","Silver","Bengaluru"
249,"Customer 249","Bronze","Mumbai"
250,"Customer 250","Gold","Delhi"
251,"Customer 251","Silver","Pune"
252,"Customer 252","Bronze","Bengaluru"
253,"Customer 253","Gold","Mumbai"
254,"Customer 254","Silver","Delhi"
255,"Customer 255","Bronze","Pune"
256,"Customer 256","Gold","Bengaluru"
257,"Customer 257","Silver","Mumbai"
258,"Customer 258","Bronze","Delhi"
259,"Customer 259","Gold","Pune"
260,"Customer 260","Silver","Bengaluru"
261,"Customer 261","Bronze","Mumbai"
262,"Customer 262","Gold","Delhi"
263,"Customer 263","Silver","Pune"
264,"Customer 264","Bronze","Bengaluru"
265,"Customer 265","Gold","Mumbai"
266,"Customer 266","Silver","Delhi"
267,"Customer 267","Bronze","Pune"
268,"Customer 268","Gold","Bengaluru"
269,"Customer 269","Silver","Mumbai"
270,"Customer 270","Bronze","Delhi"
271,"Customer 271","Gold","Pune"
272,"Customer 272","Silver","Bengaluru"
273,"Customer 273","Bronze","Mumbai"
274,"Customer 274","Gold","Delhi"
275,"Customer 275","Silver","Pune"
276,"Customer 276","Bronze","Bengaluru"
277,"Customer 277","Gold","Mumbai"
278,"Customer 278","Silver","Delhi"
279,"Customer 279","Bronze","Pune"
280,"Customer 280","Gold","Bengaluru"
281,"Customer 281","Silver","Mumbai"
282,"Customer 282","Bronze","Delhi"
283,"Customer 283","Gold","Pune"
284,"Customer 284","Silver","Bengaluru"
285,"Customer 285","Bronze","Mumbai"
286,"Customer 286","Gold","Delhi"
287,"Customer 287","Silver","Pune"
288,"Customer 288","Bronze","Bengaluru"
289,"Customer 289","Gold","Mumbai"
290,"Customer 290","Silver","Delhi"
291,"Customer 291","Bronze","Pune"
292,"Customer 292","Gold","Bengaluru"
293,"Customer 293","Silver","Mumbai"
294,"Customer 294","Bronze","Delhi"
295,"Customer 295","Gold","Pune"
296,"Customer 296","Silver","Bengaluru"
297,"Customer 297","Bronze","Mumbai"
298,"Customer 298","Gold","Delhi"
299,"Customer 299","Silver","Pune"
300,"Customer 300","Bronze","Bengaluru"
301,"Customer 301","Gold","Mumbai"
302,"Customer 302","Silver","Delhi"
303,"Customer 303","Bronze","Pune"
304,"Customer 304","Gold","Bengaluru"
305,"Customer 305","Silver","Mumbai"
306,"Customer 306","Bronze","Delhi"
307,"Customer 307","Gold","Pune"
308,"Customer 308","Silver","Bengaluru"
309,"Customer 309","Bronze","Mumbai"
310,"Customer 310","Gold","Delhi"
311,"Customer 311","Silver","Pune"
312,"Customer 312","Bronze","Bengaluru"
313,"Customer 313","Gold","Mumbai"
314,"Customer 314","Silver","Delhi"
315,"Customer 315","Bronze","Pune"
316,"Customer 316","Gold","Bengaluru"
317,"Customer 317","Silver","Mumbai"
318,"Customer 318","Bronze","Delhi"
319,"Customer 319","Gold","Pune"
320,"Customer 320","Silver","Bengaluru"
321,"Customer 321","Bronze","Mumbai"
322,"Customer 322","Gold","Delhi"
323,"Customer 323","Silver","Pune"
324,"Customer 324","Bronze","Bengaluru"
325,"Customer 325","Gold","Mumbai"
326,"Customer 326","Silver","Delhi"
327,"Customer 327","Bronze","Pune"
328,"Customer 328","Gold","Bengaluru"
329,"Customer 329","Silver","Mumbai"
330,"Customer 330","Bronze","Delhi"
331,"Customer 331","Gold","Pune"
332,"Customer 332","Silver","Bengaluru"
333,"Customer 333","Bronze","Mumbai"
334,"Customer 334","Gold","Delhi"
335,"Customer 335","Silver","Pune"
336,"Customer 336","Bronze","Bengaluru"
337,"Customer 337","Gold","Mumbai"
338,"Customer 338","Silver","Delhi"
339,"Customer 339","Bronze","Pune"
340,"Customer 340","Gold","Bengaluru"
341,"Customer 341","Silver","Mumbai"
342,"Customer 342","Bronze","Delhi"
343,"Customer 343","Gold","Pune"
344,"Customer 344","Silver","Bengaluru"
345,"Customer 345","Bronze","Mumbai"
346,"Customer 346","Gold","Delhi"
347,"Customer 347","Silver","Pune"
348,"Customer 348","Bronze","Bengaluru"
349,"Customer 349","Gold","Mumbai"
350,"Customer 350","Silver","Delhi"
351,"Customer 351","Bronze","Pune"
352,"Customer 352","Gold","Bengaluru"
353,"Customer 353","Silver","Mumbai"
354,"Customer 354","Bronze","Delhi"
355,"Customer 355","Gold","Pune"
356,"Customer 356","Silver","Bengaluru"
357,"Customer 357","Bronze","Mumbai"
358,"Customer 358","Gold","Delhi"
359,"Customer 359","Silver","Pune"
360,"Customer 360","Bronze","Bengaluru"
361,"Customer 361","Gold","Mumbai"
362,"Customer 362","Silver","Delhi"
363,"Customer 363","Bronze","Pune"
364,"Customer 364","Gold","Bengaluru"
365,"Customer 365","Silver","Mumbai"
366,"Customer 366","Bronze","Delhi"
367,"Customer 367","Gold","Pune"
368,"Customer 368","Silver","Bengaluru"
369,"Customer 369","Bronze","Mumbai"
370,"Customer 370","Gold","Delhi"
371,"Customer 371","Silver","Pune"
372,"Customer 372","Bronze","Bengaluru"
373,"Customer 373","Gold","Mumbai"
374,"Customer 374","Silver","Delhi"
375,"Customer 375","Bronze","Pune"
376,"Customer 376","Gold","Bengaluru"
377,"Customer 377","Silver","Mumbai"
378,"Customer 378","Bronze","Delhi"
379,"Customer 379","Gold","Pune"
380,"Customer 380","Silver","Bengaluru"
381,"Customer 381","Bronze","Mumbai"
382,"Customer 382","Gold","Delhi"
383,"Customer 383","Silver","Pune"
384,"Customer 384","Bronze","Bengaluru"
385,"Customer 385","Gold","Mumbai"
386,"Customer 386","Silver","Delhi"
387,"Customer 387","Bronze","Pune"
388,"Customer 388","Gold","Bengaluru"
389,"Customer 389","Silver","Mumbai"
390,"Customer 390","Bronze","Delhi"
391,"Customer 391","Gold","Pune"
392,"Customer 392","Silver","Bengaluru"
393,"Customer 393","Bronze","Mumbai"
394,"Customer 394","Gold","Delhi"
395,"Customer 395","Silver","Pune"
396,"Customer 396","Bronze","Bengaluru"
397,"Customer 397","Gold","Mumbai"
398,"Customer 398","Silver","Delhi"
399,"Customer 399","Bronze","Pune"
400,"Customer 400","Gold","Bengaluru"
401,"Customer 401","Silver","Mumbai"
402,"Customer 402","Bronze","Delhi"
403,"Customer 403","Gold","Pune"
404,"Customer 404","Silver","Bengaluru"
405,"Customer 405","Bronze","Mumbai"
406,"Customer 406","Gold","Delhi"
407,"Customer 407","Silver","Pune"
408,"Customer 408","Bronze","Bengaluru"
409,"Customer 409","Gold","Mumbai"
410,"Customer 410","Silver","Delhi"
411,"Customer 411","Bronze","Pune"
412,"Customer 412","Gold","Bengaluru"
413,"Customer 413","Silver","Mumbai"
414,"Customer 414","Bronze","Delhi"
415,"Customer 415","Gold","Pune"
416,"Customer 416","Silver","Bengaluru"
417,"Customer 417","Bronze","Mumbai"
418,"Customer 418","Gold","Delhi"
419,"Customer 419","Silver","Pune"
420,"Customer 420","Bronze","Bengaluru"
421,"Customer 421","Gold","Mumbai"
422,"Customer 422","Silver","Delhi"
423,"Customer 423","Bronze","Pune"
424,"Customer 424","Gold","Bengaluru"
425,"Customer 425","Silver","Mumbai"
426,"Customer 426","Bronze","Delhi"
427,"Customer 427","Gold","Pune"
428,"Customer 428","Silver","Bengaluru"
429,"Customer 429","Bronze","Mumbai"
430,"Customer 430","Gold","Delhi"
431,"Customer 431","Silver","Pune"
432,"Customer 432","Bronze","Bengaluru"
433,"Customer 433","Gold","Mumbai"
434,"Customer 434","Silver","Delhi"
435,"Customer 435","Bronze","Pune"
436,"Customer 436","Gold","Bengaluru"
437,"Customer 437","Silver","Mumbai"
438,"Customer 438","Bronze","Delhi"
439,"Customer 439","Gold","Pune"
440,"Customer 440","Silver","Bengaluru"
441,"Customer 441","Bronze","Mumbai"
442,"Customer 442","Gold","Delhi"
443,"Customer 443","Silver","Pune"
444,"Customer 444","Bronze","Bengaluru"
445,"Customer 445","Gold","Mumbai"
446,"Customer 446","Silver","Delhi"
447,"Customer 447","Bronze","Pune"
448,"Customer 448","Gold","Bengaluru"
449,"Customer 449","Silver","Mumbai"
450,"Customer 450","Bronze","Delhi"
451,"Customer 451","Gold","Pune"
452,"Customer 452","Silver","Bengaluru"
453,"Customer 453","Bronze","Mumbai"
454,"Customer 454","Gold","Delhi"
455,"Customer 455","Silver","Pune"
456,"Customer 456","Bronze","Bengaluru"
457,"Customer 457","Gold","Mumbai"
458,"Customer 458","Silver","Delhi"
459,"Customer 459","Bronze","Pune"
460,"Customer 460","Gold","Bengaluru"
461,"Customer 461","Silver","Mumbai"
462,"Customer 462","Bronze","Delhi"
463,"Customer 463","Gold","Pune"
464,"Customer 464","Silver","Bengaluru"
465,"Customer 465","Bronze","Mumbai"
466,"Customer 466","Gold","Delhi"
467,"Customer 467","Silver","Pune"
468,"Customer 468","Bronze","Bengaluru"
469,"Customer 469","Gold","Mumbai"
470,"Customer 470","Silver","Delhi"
471,"Customer 471","Bronze","Pune"
472,"Customer 472","Gold","Bengaluru"
473,"Customer 473","Silver","Mumbai"
474,"Customer 474","Bronze","Delhi"
475,"Customer 475","Gold","Pune"
476,"Customer 476","Silver","Bengaluru"
477,"Customer 477","Bronze","Mumbai"
478,"Customer 478","Gold","Delhi"
479,"Customer 479","Silver","Pune"
480,"Customer 480","Bronze","Bengaluru"
481,"Customer 481","Gold","Mumbai"
482,"Customer 482","Silver","Delhi"
483,"Customer 483","Bronze","Pune"
484,"Customer 484","Gold","Bengaluru"
485,"Customer 485","Silver","Mumbai"
486,"Customer 486","Bronze","Delhi"
487,"Customer 487","Gold","Pune"
488,"Customer 488","Silver","Bengaluru"
489,"Customer 489","Bronze","Mumbai"
490,"Customer 490","Gold","Delhi"
491,"Customer 491","Silver","Pune"
492,"Customer 492","Bronze","Bengaluru"
493,"Customer 493","Gold","Mumbai"
494,"Customer 494","Silver","Delhi"
495,"Customer 495","Bronze","Pune"
496,"Customer 496","Gold","Bengaluru"
497,"Customer 497","Silver","Mumbai"
498,"Customer 498","Bronze","Delhi"
499,"Customer 499","Gold","Pune"
500,"Customer 500","Silver","Bengaluru"
501,"Customer 501","Bronze","Mumbai"
502,"Customer 502","Gold","Delhi"
503,"Customer 503","Silver","Pune"
504,"Customer 504","Bronze","Bengaluru"
505,"Customer 505","Gold","Mumbai"
506,"Customer 506","Silver","Delhi"
507,"Customer 507","Bronze","Pune"
508,"Customer 508","Gold","Bengaluru"
509,"Customer 509","Silver","Mumbai"
510,"Customer 510","Bronze","Delhi"
511,"Customer 511","Gold","Pune"
512,"Customer 512","Silver","Bengaluru"
513,"Customer 513","Bronze","Mumbai"
514,"Customer 514","Gold","Delhi"
515,"Customer 515","Silver","Pune"
516,"Customer 516","Bronze","Bengaluru"
517,"Customer 517","Gold","Mumbai"
518,"Customer 518","Silver","Delhi"
519,"Customer 519","Bronze","Pune"
520,"Customer 520","Gold","Bengaluru"
521,"Customer 521","Silver","Mumbai"
522,"Customer 522","Bronze","Delhi"
523,"Customer 523","Gold","Pune"
524,"Customer 524","Silver","Bengaluru"
525,"Customer 525","Bronze","Mumbai"
526,"Customer 526","Gold","Delhi"
527,"Customer 527","Silver","Pune"
528,"Customer 528","Bronze","Bengaluru"
529,"Customer 529","Gold","Mumbai"
530,"Customer 530","Silver","Delhi"
531,"Customer 531","Bronze","Pune"
532,"Customer 532","Gold","Bengaluru"
533,"Customer 533","Silver","Mumbai"
534,"Customer 534","Bronze","Delhi"
535,"Customer 535","Gold","Pune"
536,"Customer 536","Silver","Bengaluru"
537,"Customer 537","Bronze","Mumbai"
538,"Customer 538","Gold","Delhi"
539,"Customer 539","Silver","Pune"
540,"Customer 540","Bronze","Bengaluru"
541,"Customer 541","Gold","Mumbai"
542,"Customer 542","Silver","Delhi"
543,"Customer 543","Bronze","Pune"
544,"Customer 544","Gold","Bengaluru"
545,"Customer 545","Silver","Mumbai"
546,"Customer 546","Bronze","Delhi"
547,"Customer 547","Gold","Pune"
548,"Customer 548","Silver","Bengaluru"
549,"Customer 549","Bronze","Mumbai"
550,"Customer 550","Gold","Delhi"
551,"Customer 551","Silver","Pune"
552,"Customer 552","Bronze","Bengaluru"
553,"Customer 553","Gold","Mumbai"
554,"Customer 554","Silver","Delhi"
555,"Customer 555","Bronze","Pune"
556,"Customer 556","Gold","Bengaluru"
557,"Customer 557","Silver","Mumbai"
558,"Customer 558","Bronze","Delhi"
559,"Customer 559","Gold","Pune"
560,"Customer 560","Silver","Bengaluru"
561,"Customer 561","Bronze","Mumbai"
562,"Customer 562","Gold","Delhi"
563,"Customer 563","Silver","Pune"
564,"Customer 564","Bronze","Bengaluru"
565,"Customer 565","Gold","Mumbai"
566,"Customer 566","Silver","Delhi"
567,"Customer 567","Bronze","Pune"
568,"Customer 568","Gold","Bengaluru"
569,"Customer 569","Silver","Mumbai"
570,"Customer 570","Bronze","Delhi"
571,"Customer 571","Gold","Pune"
572,"Customer 572","Silver","Bengaluru"
573,"Customer 573","Bronze","Mumbai"
574,"Customer 574","Gold","Delhi"
575,"Customer 575","Silver","Pune"
576,"Customer 576","Bronze","Bengaluru"
577,"Customer 577","Gold","Mumbai"
578,"Customer 578","Silver","Delhi"
579,"Customer 579","Bronze","Pune"
580,"Customer 580","Gold","Bengaluru"
581,"Customer 581","Silver","Mumbai"
582,"Customer 582","Bronze","Delhi"
583,"Customer 583","Gold","Pune"
584,"Customer 584","Silver","Bengaluru"
585,"Customer 585","Bronze","Mumbai"
586,"Customer 586","Gold","Delhi"
587,"Customer 587","Silver","Pune"
588,"Customer 588","Bronze","Bengaluru"
589,"Customer 589","Gold","Mumbai"
590,"Customer 590","Silver","Delhi"
591,"Customer 591","Bronze","Pune"
592,"Customer 592","Gold","Bengaluru"
593,"Customer 593","Silver","Mumbai"
594,"Customer 594","Bronze","Delhi"
595,"Customer 595","Gold","Pune"
596,"Customer 596","Silver","Bengaluru"
597,"Customer 597","Bronze","Mumbai"
598,"Customer 598","Gold","Delhi"
599,"Customer 599","Silver","Pune"
600,"Customer 600","Bronze","Bengaluru"
601,"Customer 601","Gold","Mumbai"
602,"Customer 602","Silver","Delhi"
603,"Customer 603","Bronze","Pune"
604,"Customer 604","Gold","Bengaluru"
605,"Customer 605","Silver","Mumbai"
606,"Customer 606","Bronze","Delhi"
607,"Customer 607","Gold","Pune"
608,"Customer 608","Silver","Bengaluru"
609,"Customer 609","Bronze","Mumbai"
610,"Customer 610","Gold","Delhi"
611,"Customer 611","Silver","Pune"
612,"Customer 612","Bronze","Bengaluru"
613,"Customer 613","Gold","Mumbai"
614,"Customer 614","Silver","Delhi"
615,"Customer 615","Bronze","Pune"
616,"Customer 616","Gold","Bengaluru"
617,"Customer 617","Silver","Mumbai"
618,"Customer 618","Bronze","Delhi"
619,"Customer 619","Gold","Pune"
620,"Customer 620","Silver","Bengaluru"
621,"Customer 621","Bronze","Mumbai"
622,"Customer 622","Gold","Delhi"
623,"Customer 623","Silver","Pune"
624,"Customer 624","Bronze","Bengaluru"
625,"Customer 625","Gold","Mumbai"
626,"Customer 626","Silver","Delhi"
627,"Customer 627","Bronze","Pune"
628,"Customer 628","Gold","Bengaluru"
629,"Customer 629","Silver","Mumbai"
630,"Customer 630","Bronze","Delhi"
631,"Customer 631","Gold","Pune"
632,"Customer 632","Silver","Bengaluru"
633,"Customer 633","Bronze","Mumbai"
634,"Customer 634","Gold","Delhi"
635,"Customer 635","Silver","Pune"
636,"Customer 636","Bronze","Bengaluru"
637,"Customer 637","Gold","Mumbai"
638,"Customer 638","Silver","Delhi"
639,"Customer 639","Bronze","Pune"
640,"Customer 640","Gold","Bengaluru"
641,"Customer 641","Silver","Mumbai"
642,"Customer 642","Bronze","Delhi"
643,"Customer 643","Gold","Pune"
644,"Customer 644","Silver","Bengaluru"
645,"Customer 645","Bronze","Mumbai"
646,"Customer 646","Gold","Delhi"
647,"Customer 647","Silver","Pune"
648,"Customer 648","Bronze","Bengaluru"
649,"Customer 649","Gold","Mumbai"
650,"Customer 650","Silver","Delhi"
651,"Customer 651","Bronze","Pune"
652,"Customer 652","Gold","Bengaluru"
653,"Customer 653","Silver","Mumbai"
654,"Customer 654","Bronze","Delhi"
655,"Customer 655","Gold","Pune"
656,"Customer 656","Silver","Bengaluru"
657,"Customer 657","Bronze","Mumbai"
658,"Customer 658","Gold","Delhi"
659,"Customer 659","Silver","Pune"
660,"Customer 660","Bronze","Bengaluru"
661,"Customer 661","Gold","Mumbai"
662,"Customer 662","Silver","Delhi"
663,"Customer 663","Bronze","Pune"
664,"Customer 664","Gold","Bengaluru"
665,"Customer 665","Silver","Mumbai"
666,"Customer 666","Bronze","Delhi"
667,"Customer 667","Gold","Pune"
668,"Customer 668","Silver","Bengaluru"
669,"Customer 669","Bronze","Mumbai"
670,"Customer 670","Gold","Delhi"
671,"Customer 671","Silver","Pune"
672,"Customer 672","Bronze","Bengaluru"
673,"Customer 673","Gold","Mumbai"
674,"Customer 674","Silver","Delhi"
675,"Customer 675","Bronze","Pune"
676,"Customer 676","Gold","Bengaluru"
677,"Customer 677","Silver","Mumbai"
678,"Customer 678","Bronze","Delhi"
679,"Customer 679","Gold","Pune"
680,"Customer 680","Silver","Bengaluru"
681,"Customer 681","Bronze","Mumbai"
682,"Customer 682","Gold","Delhi"
683,"Customer 683","Silver","Pune"
684,"Customer 684","Bronze","Bengaluru"
685,"Customer 685","Gold","Mumbai"
686,"Customer 686","Silver","Delhi"
687,"Customer 687","Bronze","Pune"
688,"Customer 688","Gold","Bengaluru"
689,"Customer 689","Silver","Mumbai"
690,"Customer 690","Bronze","Delhi"
691,"Customer 691","Gold","Pune"
692,"Customer 692","Silver","Bengaluru"
693,"Customer 693","Bronze","Mumbai"
694,"Customer 694","Gold","Delhi"
695,"Customer 695","Silver","Pune"
696,"Customer 696","Bronze","Bengaluru"
697,"Customer 697","Gold","Mumbai"
698,"Customer 698","Silver","Delhi"
699,"Customer 699","Bronze","Pune"
700,"Customer 700","Gold","Bengaluru"
701,"Customer 701","Silver","Mumbai"
702,"Customer 702","Bronze","Delhi"
703,"Customer 703","Gold","Pune"
704,"Customer 704","Silver","Bengaluru"
705,"Customer 705","Bronze","Mumbai"
706,"Customer 706","Gold","Delhi"
707,"Customer 707","Silver","Pune"
708,"Customer 708","Bronze","Bengaluru"
709,"Customer 709","Gold","Mumbai"
710,"Customer 710","Silver","Delhi"
711,"Customer 711","Bronze","Pune"
712,"Customer 712","Gold","Bengaluru"
713,"Customer 713","Silver","Mumbai"
714,"Customer 714","Bronze","Delhi"
715,"Customer 715","Gold","Pune"
716,"Customer 716","Silver","Bengaluru"
717,"Customer 717","Bronze","Mumbai"
718,"Customer 718","Gold","Delhi"
719,"Customer 719","Silver","Pune"
720,"Customer 720","Bronze","Bengaluru"
721,"Customer 721","Gold","Mumbai"
722,"Customer 722","Silver","Delhi"
723,"Customer 723","Bronze","Pune"
724,"Customer 724","Gold","Bengaluru"
725,"Customer 725","Silver","Mumbai"
726,"Customer 726","Bronze","Delhi"
727,"Customer 727","Gold","Pune"
728,"Customer 728","Silver","Bengaluru"
729,"Customer 729","Bronze","Mumbai"
730,"Customer 730","Gold","Delhi"
731,"Customer 731","Silver","Pune"
732,"Customer 732","Bronze","Bengaluru"
733,"Customer 733","Gold","Mumbai"
734,"Customer 734","Silver","Delhi"
735,"Customer 735","Bronze","Pune"
736,"Customer 736","Gold","Bengaluru"
737,"Customer 737","Silver","Mumbai"
738,"Customer 738","Bronze","Delhi"
739,"Customer 739","Gold","Pune"
740,"Customer 740","Silver","Bengaluru"
741,"Customer 741","Bronze","Mumbai"
742,"Customer 742","Gold","Delhi"
743,"Customer 743","Silver","Pune"
744,"Customer 744","Bronze","Bengaluru"
745,"Customer 745","Gold","Mumbai"
746,"Customer 746","Silver","Delhi"
747,"Customer 747","Bronze","Pune"
748,"Customer 748","Gold","Bengaluru"
749,"Customer 749","Silver","Mumbai"
750,"Customer 750","Bronze","Delhi"
751,"Customer 751","Gold","Pune"
752,"Customer 752","Silver","Bengaluru"
753,"Customer 753","Bronze","Mumbai"
754,"Customer 754","Gold","Delhi"
755,"Customer 755","Silver","Pune"
756,"Customer 756","Bronze","Bengaluru"
757,"Customer 757","Gold","Mumbai"
758,"Customer 758","Silver","Delhi"
759,"Customer 759","Bronze","Pune"
760,"Customer 760","Gold","Bengaluru"
761,"Customer 761","Silver","Mumbai"
762,"Customer 762","Bronze","Delhi"
763,"Customer 763","Gold","Pune"
764,"Customer 764","Silver","Bengaluru"
765,"Customer 765","Bronze","Mumbai"
766,"Customer 766","Gold","Delhi"
767,"Customer 767","Silver","Pune"
768,"Customer 768","Bronze","Bengaluru"
769,"Customer 769","Gold","Mumbai"
770,"Customer 770","Silver","Delhi"
771,"Customer 771","Bronze","Pune"
772,"Customer 772","Gold","Bengaluru"
773,"Customer 773","Silver","Mumbai"
774,"Customer 774","Bronze","Delhi"
775,"Customer 775","Gold","Pune"
776,"Customer 776","Silver","Bengaluru"
777,"Customer 777","Bronze","Mumbai"
778,"Customer 778","Gold","Delhi"
779,"Customer 779","Silver","Pune"
780,"Customer 780","Bronze","Bengaluru"
781,"Customer 781","Gold","Mumbai"
782,"Customer 782","Silver","Delhi"
783,"Customer 783","Bronze","Pune"
784,"Customer 784","Gold","Bengaluru"
785,"Customer 785","Silver","Mumbai"
786,"Customer 786","Bronze","Delhi"
787,"Customer 787","Gold","Pune"
788,"Customer 788","Silver","Bengaluru"
789,"Customer 789","Bronze","Mumbai"
790,"Customer 790","Gold","Delhi"
791,"Customer 791","Silver","Pune"
792,"Customer 792","Bronze","Bengaluru"
793,"Customer 793","Gold","Mumbai"
794,"Customer 794","Silver","Delhi"
795,"Customer 795","Bronze","Pune"
796,"Customer 796","Gold","Bengaluru"
797,"Customer 797","Silver","Mumbai"
798,"Customer 798","Bronze","Delhi"
799,"Customer 799","Gold","Pune"
800,"Customer 800","Silver","Bengaluru"
801,"Customer 801","Bronze","Mumbai"
802,"Customer 802","Gold","Delhi"
803,"Customer 803","Silver","Pune"
804,"Customer 804","Bronze","Bengaluru"
805,"Customer 805","Gold","Mumbai"
806,"Customer 806","Silver","Delhi"
807,"Customer 807","Bronze","Pune"
808,"Customer 808","Gold","Bengaluru"
809,"Customer 809","Silver","Mumbai"
810,"Customer 810","Bronze","Delhi"
811,"Customer 811","Gold","Pune"
812,"Customer 812","Silver","Bengaluru"
813,"Customer 813","Bronze","Mumbai"
814,"Customer 814","Gold","Delhi"
815,"Customer 815","Silver","Pune"
816,"Customer 816","Bronze","Bengaluru"
817,"Customer 817","Gold","Mumbai"
818,"Customer 818","Silver","Delhi"
819,"Customer 819","Bronze","Pune"
820,"Customer 820","Gold","Bengaluru"
821,"Customer 821","Silver","Mumbai"
822,"Customer 822","Bronze","Delhi"
823,"Customer 823","Gold","Pune"
824,"Customer 824","Silver","Bengaluru"
825,"Customer 825","Bronze","Mumbai"
826,"Customer 826","Gold","Delhi"
827,"Customer 827","Silver","Pune"
828,"Customer 828","Bronze","Bengaluru"
829,"Customer 829","Gold","Mumbai"
830,"Customer 830","Silver","Delhi"
831,"Customer 831","Bronze","Pune"
832,"Customer 832","Gold","Bengaluru"
833,"Customer 833","Silver","Mumbai"
834,"Customer 834","Bronze","Delhi"
835,"Customer 835","Gold","Pune"
836,"Customer 836","Silver","Bengaluru"
837,"Customer 837","Bronze","Mumbai"
838,"Customer 838","Gold","Delhi"
839,"Customer 839","Silver","Pune"
840,"Customer 840","Bronze","Bengaluru"
841,"Customer 841","Gold","Mumbai"
842,"Customer 842","Silver","Delhi"
843,"Customer 843","Bronze","Pune"
844,"Customer 844","Gold","Bengaluru"
845,"Customer 845","Silver","Mumbai"
846,"Customer 846","Bronze","Delhi"
847,"Customer 847","Gold","Pune"
848,"Customer 848","Silver","Bengaluru"
849,"Customer 849","Bronze","Mumbai"
850,"Customer 850","Gold","Delhi"
851,"Customer 851","Silver","Pune"
852,"Customer 852","Bronze","Bengaluru"
853,"Customer 853","Gold","Mumbai"
854,"Customer 854","Silver","Delhi"
855,"Customer 855","Bronze","Pune"
856,"Customer 856","Gold","Bengaluru"
857,"Customer 857","Silver","Mumbai"
858,"Customer 858","Bronze","Delhi"
859,"Customer 859","Gold","Pune"
860,"Customer 860","Silver","Bengaluru"
861,"Customer 861","Bronze","Mumbai"
862,"Customer 862","Gold","Delhi"
863,"Customer 863","Silver","Pune"
864,"Customer 864","Bronze","Bengaluru"
865,"Customer 865","Gold","Mumbai"
866,"Customer 866","Silver","Delhi"
867,"Customer 867","Bronze","Pune"
868,"Customer 868","Gold","Bengaluru"
869,"Customer 869","Silver","Mumbai"
870,"Customer 870","Bronze","Delhi"
871,"Customer 871","Gold","Pune"
872,"Customer 872","Silver","Bengaluru"
873,"Customer 873","Bronze","Mumbai"
874,"Customer 874","Gold","Delhi"
875,"Customer 875","Silver","Pune"
876,"Customer 876","Bronze","Bengaluru"
877,"Customer 877","Gold","Mumbai"
878,"Customer 878","Silver","Delhi"
879,"Customer 879","Bronze","Pune"
880,"Customer 880","Gold","Bengaluru"
881,"Customer 881","Silver","Mumbai"
882,"Customer 882","Bronze","Delhi"
883,"Customer 883","Gold","Pune"
884,"Customer 884","Silver","Bengaluru"
885,"Customer 885","Bronze","Mumbai"
886,"Customer 886","Gold","Delhi"
887,"Customer 887","Silver","Pune"
888,"Customer 888","Bronze","Bengaluru"
889,"Customer 889","Gold","Mumbai"
890,"Customer 890","Silver","Delhi"
891,"Customer 891","Bronze","Pune"
892,"Customer 892","Gold","Bengaluru"
893,"Customer 893","Silver","Mumbai"
894,"Customer 894","Bronze","Delhi"
895,"Customer 895","Gold","Pune"
896,"Customer 896","Silver","Bengaluru"
897,"Customer 897","Bronze","Mumbai"
898,"Customer 898","Gold","Delhi"
899,"Customer 899","Silver","Pune"
900,"Customer 900","Bronze","Bengaluru"
901,"Customer 901","Gold","Mumbai"
902,"Customer 902","Silver","Delhi"
903,"Customer 903","Bronze","Pune"
904,"Customer 904","Gold","Bengaluru"
905,"Customer 905","Silver","Mumbai"
906,"Customer 906","Bronze","Delhi"
907,"Customer 907","Gold","Pune"
908,"Customer 908","Silver","Bengaluru"
909,"Customer 909","Bronze","Mumbai"
910,"Customer 910","Gold","Delhi"
911,"Customer 911","Silver","Pune"
912,"Customer 912","Bronze","Bengaluru"
913,"Customer 913","Gold","Mumbai"
914,"Customer 914","Silver","Delhi"
915,"Customer 915","Bronze","Pune"
916,"Customer 916","Gold","Bengaluru"
917,"Customer 917","Silver","Mumbai"
918,"Customer 918","Bronze","Delhi"
919,"Customer 919","Gold","Pune"
920,"Customer 920","Silver","Bengaluru"
921,"Customer 921","Bronze","Mumbai"
922,"Customer 922","Gold","Delhi"
923,"Customer 923","Silver","Pune"
924,"Customer 924","Bronze","Bengaluru"
925,"Customer 925","Gold","Mumbai"
926,"Customer 926","Silver","Delhi"
927,"Customer 927","Bronze","Pune"
928,"Customer 928","Gold","Bengaluru"
929,"Customer 929","Silver","Mumbai"
930,"Customer 930","Bronze","Delhi"
931,"Customer 931","Gold","Pune"
932,"Customer 932","Silver","Bengaluru"
933,"Customer 933","Bronze","Mumbai"
934,"Customer 934","Gold","Delhi"
935,"Customer 935","Silver","Pune"
936,"Customer 936","Bronze","Bengaluru"
937,"Customer 937","Gold","Mumbai"
938,"Customer 938","Silver","Delhi"
939,"Customer 939","Bronze","Pune"
940,"Customer 940","Gold","Bengaluru"
941,"Customer 941","Silver","Mumbai"
942,"Customer 942","Bronze","Delhi"
943,"Customer 943","Gold","Pune"
944,"Customer 944","Silver","Bengaluru"
945,"Customer 945","Bronze","Mumbai"
946,"Customer 946","Gold","Delhi"
947,"Customer 947","Silver","Pune"
948,"Customer 948","Bronze","Bengaluru"
949,"Customer 949","Gold","Mumbai"
950,"Customer 950","Silver","Delhi"
951,"Customer 951","Bronze","Pune"
952,"Customer 952","Gold","Bengaluru"
953,"Customer 953","Silver","Mumbai"
954,"Customer 954","Bronze","Delhi"
955,"Customer 955","Gold","Pune"
956,"Customer 956","Silver","Bengaluru"
957,"Customer 957","Bronze","Mumbai"
958,"Customer 958","Gold","Delhi"
959,"Customer 959","Silver","Pune"
960,"Customer 960","Bronze","Bengaluru"
961,"Customer 961","Gold","Mumbai"
962,"Customer 962","Silver","Delhi"
963,"Customer 963","Bronze","Pune"
964,"Customer 964","Gold","Bengaluru"
965,"Customer 965","Silver","Mumbai"
966,"Customer 966","Bronze","Delhi"
967,"Customer 967","Gold","Pune"
968,"Customer 968","Silver","Bengaluru"
969,"Customer 969","Bronze","Mumbai"
970,"Customer 970","Gold","Delhi"
971,"Customer 971","Silver","Pune"
972,"Customer 972","Bronze","Bengaluru"
973,"Customer 973","Gold","Mumbai"
974,"Customer 974","Silver","Delhi"
975,"Customer 975","Bronze","Pune"
976,"Customer 976","Gold","Bengaluru"
977,"Customer 977","Silver","Mumbai"
978,"Customer 978","Bronze","Delhi"
979,"Customer 979","Gold","Pune"
980,"Customer 980","Silver","Bengaluru"
981,"Customer 981","Bronze","Mumbai"
982,"Customer 982","Gold","Delhi"
983,"Customer 983","Silver","Pune"
984,"Customer 984","Bronze","Bengaluru"
985,"Customer 985","Gold","Mumbai"
986,"Customer 986","Silver","Delhi"
987,"Customer 987","Bronze","Pune"
988,"Customer 988","Gold","Bengaluru"
989,"Customer 989","Silver","Mumbai"
990,"Customer 990","Bronze","Delhi"
991,"Customer 991","Gold","Pune"
992,"Customer 992","Silver","Bengaluru"
993,"Customer 993","Bronze","Mumbai"
994,"Customer 994","Gold","Delhi"
995,"Customer 995","Silver","Pune"
996,"Customer 996","Bronze","Bengaluru"
997,"Customer 997","Gold","Mumbai"
998,"Customer 998","Silver","Delhi"
999,"Customer 999","Bronze","Pune"
1000,"Customer 1000","Gold","Bengaluru"
1001,"Customer 1001","Silver","Mumbai"
1002,"Customer 1002","Bronze","Delhi"
1003,"Customer 1003","Gold","Pune"
1004,"Customer 1004","Silver","Bengaluru"
1005,"Customer 1005","Bronze","Mumbai"
1006,"Customer 1006","Gold","Delhi"
1007,"Customer 1007","Silver","Pune"
1008,"Customer 1008","Bronze","Bengaluru"
1009,"Customer 1009","Gold","Mumbai"
1010,"Customer 1010","Silver","Delhi"
1011,"Customer 1011","Bronze","Pune"
1012,"Customer 1012","Gold","Bengaluru"
1013,"Customer 1013","Silver","Mumbai"
1014,"Customer 1014","Bronze","Delhi"
1015,"Customer 1015","Gold","Pune"
1016,"Customer 1016","Silver","Bengaluru"
1017,"Customer 1017","Bronze","Mumbai"
1018,"Customer 1018","Gold","Delhi"
1019,"Customer 1019","Silver","Pune"
1020,"Customer 1020","Bronze","Bengaluru"
1021,"Customer 1021","Gold","Mumbai"
1022,"Customer 1022","Silver","Delhi"
1023,"Customer 1023","Bronze","Pune"
1024,"Customer 1024","Gold","Bengaluru"
1025,"Customer 1025","Silver","Mumbai"
1026,"Customer 1026","Bronze","Delhi"
1027,"Customer 1027","Gold","Pune"
1028,"Customer 1028","Silver","Bengaluru"
1029,"Customer 1029","Bronze","Mumbai"
1030,"Customer 1030","Gold","Delhi"
1031,"Customer 1031","Silver","Pune"
1032,"Customer 1032","Bronze","Bengaluru"
1033,"Customer 1033","Gold","Mumbai"
1034,"Customer 1034","Silver","Delhi"
1035,"Customer 1035","Bronze","Pune"
1036,"Customer 1036","Gold","Bengaluru"
1037,"Customer 1037","Silver","Mumbai"
1038,"Customer 1038","Bronze","Delhi"
1039,"Customer 1039","Gold","Pune"
1040,"Customer 1040","Silver","Bengaluru"
1041,"Customer 1041","Bronze","Mumbai"
1042,"Customer 1042","Gold","Delhi"
1043,"Customer 1043","Silver","Pune"
1044,"Customer 1044","Bronze","Bengaluru"
1045,"Customer 1045","Gold","Mumbai"
1046,"Customer 1046","Silver","Delhi"
1047,"Customer 1047","Bronze","Pune"
1048,"Customer 1048","Gold","Bengaluru"
1049,"Customer 1049","Silver","Mumbai"
1050,"Customer 1050","Bronze","Delhi"
1051,"Customer 1051","Gold","Pune"
1052,"Customer 1052","Silver","Bengaluru"
1053,"Customer 1053","Bronze","Mumbai"
1054,"Customer 1054","Gold","Delhi"
1055,"Customer 1055","Silver","Pune"
1056,"Customer 1056","Bronze","Bengaluru"
1057,"Customer 1057","Gold","Mumbai"
1058,"Customer 1058","Silver","Delhi"
1059,"Customer 1059","Bronze","Pune"
1060,"Customer 1060","Gold","Bengaluru"
1061,"Customer 1061","Silver","Mumbai"
1062,"Customer 1062","Bronze","Delhi"
1063,"Customer 1063","Gold","Pune"
1064,"Customer 1064","Silver","Bengaluru"
1065,"Customer 1065","Bronze","Mumbai"
1066,"Customer 1066","Gold","Delhi"
1067,"Customer 1067","Silver","Pune"
1068,"Customer 1068","Bronze","Bengaluru"
1069,"Customer 1069","Gold","Mumbai"
1070,"Customer 1070","Silver","Delhi"
1071,"Customer 1071","Bronze","Pune"
1072,"Customer 1072","Gold","Bengaluru"
1073,"Customer 1073","Silver","Mumbai"
1074,"Customer 1074","Bronze","Delhi"
1075,"Customer 1075","Gold","Pune"
1076,"Customer 1076","Silver","Bengaluru"
1077,"Customer 1077","Bronze","Mumbai"
1078,"Customer 1078","Gold","Delhi"
1079,"Customer 1079","Silver","Pune"
1080,"Customer 1080","Bronze","Bengaluru"
1081,"Customer 1081","Gold","Mumbai"
1082,"Customer 1082","Silver","Delhi"
1083,"Customer 1083","Bronze","Pune"
1084,"Customer 1084","Gold","Bengaluru"
1085,"Customer 1085","Silver","Mumbai"
1086,"Customer 1086","Bronze","Delhi"
1087,"Customer 1087","Gold","Pune"
1088,"Customer 1088","Silver","Bengaluru"
1089,"Customer 1089","Bronze","Mumbai"
1090,"Customer 1090","Gold","Delhi"
1091,"Customer 1091","Silver","Pune"
1092,"Customer 1092","Bronze","Bengaluru"
1093,"Customer 1093","Gold","Mumbai"
1094,"Customer 1094","Silver","Delhi"
1095,"Customer 1095","Bronze","Pune"
1096,"Customer 1096","Gold","Bengaluru"
1097,"Customer 1097","Silver","Mumbai"
1098,"Customer 1098","Bronze","Delhi"
1099,"Customer 1099","Gold","Pune"
1100,"Customer 1100","Silver","Bengaluru"
1101,"Customer 1101","Bronze","Mumbai"
1102,"Customer 1102","Gold","Delhi"
1103,"Customer 1103","Silver","Pune"
1104,"Customer 1104","Bronze","Bengaluru"
1105,"Customer 1105","Gold","Mumbai"
1106,"Customer 1106","Silver","Delhi"
1107,"Customer 1107","Bronze","Pune"
1108,"Customer 1108","Gold","Bengaluru"
1109,"Customer 1109","Silver","Mumbai"
1110,"Customer 1110","Bronze","Delhi"
1111,"Customer 1111","Gold","Pune"
1112,"Customer 1112","Silver","Bengaluru"
1113,"Customer 1113","Bronze","Mumbai"
1114,"Customer 1114","Gold","Delhi"
1115,"Customer 1115","Silver","Pune"
1116,"Customer 1116","Bronze","Bengaluru"
1117,"Customer 1117","Gold","Mumbai"
1118,"Customer 1118","Silver","Delhi"
1119,"Customer 1119","Bronze","Pune"
1120,"Customer 1120","Gold","Bengaluru"
1121,"Customer 1121","Silver","Mumbai"
1122,"Customer 1122","Bronze","Delhi"
1123,"Customer 1123","Gold","Pune"
1124,"Customer 1124","Silver","Bengaluru"
1125,"Customer 1125","Bronze","Mumbai"
1126,"Customer 1126","Gold","Delhi"
1127,"Customer 1127","Silver","Pune"
1128,"Customer 1128","Bronze","Bengaluru"
1129,"Customer 1129","Gold","Mumbai"
1130,"Customer 1130","Silver","Delhi"
1131,"Customer 1131","Bronze","Pune"
1132,"Customer 1132","Gold","Bengaluru"
1133,"Customer 1133","Silver","Mumbai"
1134,"Customer 1134","Bronze","Delhi"
1135,"Customer 1135","Gold","Pune"
1136,"Customer 1136","Silver","Bengaluru"
1137,"Customer 1137","Bronze","Mumbai"
1138,"Customer 1138","Gold","Delhi"
1139,"Customer 1139","Silver","Pune"
1140,"Customer 1140","Bronze","Bengaluru"
1141,"Customer 1141","Gold","Mumbai"
1142,"Customer 1142","Silver","Delhi"
1143,"Customer 1143","Bronze","Pune"
1144,"Customer 1144","Gold","Bengaluru"
1145,"Customer 1145","Silver","Mumbai"
1146,"Customer 1146","Bronze","Delhi"
1147,"Customer 1147","Gold","Pune"
1148,"Customer 1148","Silver","Bengaluru"
1149,"Customer 1149","Bronze","Mumbai"
1150,"Customer 1150","Gold","Delhi"
1151,"Customer 1151","Silver","Pune"
1152,"Customer 1152","Bronze","Bengaluru"
1153,"Customer 1153","Gold","Mumbai"
1154,"Customer 1154","Silver","Delhi"
1155,"Customer 1155","Bronze","Pune"
1156,"Customer 1156","Gold","Bengaluru"
1157,"Customer 1157","Silver","Mumbai"
1158,"Customer 1158","Bronze","Delhi"
1159,"Customer 1159","Gold","Pune"
1160,"Customer 1160","Silver","Bengaluru"
1161,"Customer 1161","Bronze","Mumbai"
1162,"Customer 1162","Gold","Delhi"
1163,"Customer 1163","Silver","Pune"
1164,"Customer 1164","Bronze","Bengaluru"
1165,"Customer 1165","Gold","Mumbai"
1166,"Customer 1166","Silver","Delhi"
1167,"Customer 1167","Bronze","Pune"
1168,"Customer 1168","Gold","Bengaluru"
1169,"Customer 1169","Silver","Mumbai"
1170,"Customer 1170","Bronze","Delhi"
1171,"Customer 1171","Gold","Pune"
1172,"Customer 1172","Silver","Bengaluru"
1173,"Customer 1173","Bronze","Mumbai"
1174,"Customer 1174","Gold","Delhi"
1175,"Customer 1175","Silver","Pune"
1176,"Customer 1176","Bronze","Bengaluru"
1177,"Customer 1177","Gold","Mumbai"
1178,"Customer 1178","Silver","Delhi"
1179,"Customer 1179","Bronze","Pune"
1180,"Customer 1180","Gold","Bengaluru"
1181,"Customer 1181","Silver","Mumbai"
1182,"Customer 1182","Bronze","Delhi"
1183,"Customer 1183","Gold","Pune"
1184,"Customer 1184","Silver","Bengaluru"
1185,"Customer 1185","Bronze","Mumbai"
1186,"Customer 1186","Gold","Delhi"
1187,"Customer 1187","Silver","Pune"
1188,"Customer 1188","Bronze","Bengaluru"
1189,"Customer 1189","Gold","Mumbai"
1190,"Customer 1190","Silver","Delhi"
1191,"Customer 1191","Bronze","Pune"
1192,"Customer 1192","Gold","Bengaluru"
1193,"Customer 1193","Silver","Mumbai"
1194,"Customer 1194","Bronze","Delhi"
1195,"Customer 1195","Gold","Pune"
1196,"Customer 1196","Silver","Bengaluru"
1197,"Customer 1197","Bronze","Mumbai"
1198,"Customer 1198","Gold","Delhi"
1199,"Customer 1199","Silver","Pune"
1200,"Customer 1200","Bronze","Bengaluru"
1201,"Customer 1201","Gold","Mumbai"
1202,"Customer 1202","Silver","Delhi"
1203,"Customer 1203","Bronze","Pune"
1204,"Customer 1204","Gold","Bengaluru"
1205,"Customer 1205","Silver","Mumbai"
1206,"Customer 1206","Bronze","Delhi"
1207,"Customer 1207","Gold","Pune"
1208,"Customer 1208","Silver","Bengaluru"
1209,"Customer 1209","Bronze","Mumbai"
1210,"Customer 1210","Gold","Delhi"
1211,"Customer 1211","Silver","Pune"
1212,"Customer 1212","Bronze","Bengaluru"
1213,"Customer 1213","Gold","Mumbai"
1214,"Customer 1214","Silver","Delhi"
1215,"Customer 1215","Bronze","Pune"
1216,"Customer 1216","Gold","Bengaluru"
1217,"Customer 1217","Silver","Mumbai"
1218,"Customer 1218","Bronze","Delhi"
1219,"Customer 1219","Gold","Pune"
1220,"Customer 1220","Silver","Bengaluru"
1221,"Customer 1221","Bronze","Mumbai"
1222,"Customer 1222","Gold","Delhi"
1223,"Customer 1223","Silver","Pune"
1224,"Customer 1224","Bronze","Bengaluru"
1225,"Customer 1225","Gold","Mumbai"
1226,"Customer 1226","Silver","Delhi"
1227,"Customer 1227","Bronze","Pune"
1228,"Customer 1228","Gold","Bengaluru"
1229,"Customer 1229","Silver","Mumbai"
1230,"Customer 1230","Bronze","Delhi"
1231,"Customer 1231","Gold","Pune"
1232,"Customer 1232","Silver","Bengaluru"
1233,"Customer 1233","Bronze","Mumbai"
1234,"Customer 1234","Gold","Delhi"
1235,"Customer 1235","Silver","Pune"
1236,"Customer 1236","Bronze","Bengaluru"
1237,"Customer 1237","Gold","Mumbai"
1238,"Customer 1238","Silver","Delhi"
1239,"Customer 1239","Bronze","Pune"
1240,"Customer 1240","Gold","Bengaluru"
1241,"Customer 1241","Silver","Mumbai"
1242,"Customer 1242","Bronze","Delhi"
1243,"Customer 1243","Gold","Pune"
1244,"Customer 1244","Silver","Bengaluru"
1245,"Customer 1245","Bronze","Mumbai"
1246,"Customer 1246","Gold","Delhi"
1247,"Customer 1247","Silver","Pune"
1248,"Customer 1248","Bronze","Bengaluru"
1249,"Customer 1249","Gold","Mumbai"
1250,"Customer 1250","Silver","Delhi"
1251,"Customer 1251","Bronze","Pune"
1252,"Customer 1252","Gold","Bengaluru"
1253,"Customer 1253","Silver","Mumbai"
1254,"Customer 1254","Bronze","Delhi"
1255,"Customer 1255","Gold","Pune"
1256,"Customer 1256","Silver","Bengaluru"
1257,"Customer 1257","Bronze","Mumbai"
1258,"Customer 1258","Gold","Delhi"
1259,"Customer 1259","Silver","Pune"
1260,"Customer 1260","Bronze","Bengaluru"
1261,"Customer 1261","Gold","Mumbai"
1262,"Customer 1262","Silver","Delhi"
1263,"Customer 1263","Bronze","Pune"
1264,"Customer 1264","Gold","Bengaluru"
1265,"Customer 1265","Silver","Mumbai"
1266,"Customer 1266","Bronze","Delhi"
1267,"Customer 1267","Gold","Pune"
1268,"Customer 1268","Silver","Bengaluru"
1269,"Customer 1269","Bronze","Mumbai"
1270,"Customer 1270","Gold","Delhi"
1271,"Customer 1271","Silver","Pune"
1272,"Customer 1272","Bronze","Bengaluru"
1273,"Customer 1273","Gold","Mumbai"
1274,"Customer 1274","Silver","Delhi"
1275,"Customer 1275","Bronze","Pune"
1276,"Customer 1276","Gold","Bengaluru"
1277,"Customer 1277","Silver","Mumbai"
1278,"Customer 1278","Bronze","Delhi"
1279,"Customer 1279","Gold","Pune"
1280,"Customer 1280","Silver","Bengaluru"
1281,"Customer 1281","Bronze","Mumbai"
1282,"Customer 1282","Gold","Delhi"
1283,"Customer 1283","Silver","Pune"
1284,"Customer 1284","Bronze","Bengaluru"
1285,"Customer 1285","Gold","Mumbai"
1286,"Customer 1286","Silver","Delhi"
1287,"Customer 1287","Bronze","Pune"
1288,"Customer 1288","Gold","Bengaluru"
1289,"Customer 1289","Silver","Mumbai"
1290,"Customer 1290","Bronze","Delhi"
1291,"Customer 1291","Gold","Pune"
1292,"Customer 1292","Silver","Bengaluru"
1293,"Customer 1293","Bronze","Mumbai"
1294,"Customer 1294","Gold","Delhi"
1295,"Customer 1295","Silver","Pune"
1296,"Customer 1296","Bronze","Bengaluru"
1297,"Customer 1297","Gold","Mumbai"
1298,"Customer 1298","Silver","Delhi"
1299,"Customer 1299","Bronze","Pune"
1300,"Customer 1300","Gold","Bengaluru"
1301,"Customer 1301","Silver","Mumbai"
1302,"Customer 1302","Bronze","Delhi"
1303,"Customer 1303","Gold","Pune"
1304,"Customer 1304","Silver","Bengaluru"
1305,"Customer 1305","Bronze","Mumbai"
1306,"Customer 1306","Gold","Delhi"
1307,"Customer 1307","Silver","Pune"
1308,"Customer 1308","Bronze","Bengaluru"
1309,"Customer 1309","Gold","Mumbai"
1310,"Customer 1310","Silver","Delhi"
1311,"Customer 1311","Bronze","Pune"
1312,"Customer 1312","Gold","Bengaluru"
1313,"Customer 1313","Silver","Mumbai"
1314,"Customer 1314","Bronze","Delhi"
1315,"Customer 1315","Gold","Pune"
1316,"Customer 1316","Silver","Bengaluru"
1317,"Customer 1317","Bronze","Mumbai"
1318,"Customer 1318","Gold","Delhi"
1319,"Customer 1319","Silver","Pune"
1320,"Customer 1320","Bronze","Bengaluru"
1321,"Customer 1321","Gold","Mumbai"
1322,"Customer 1322","Silver","Delhi"
1323,"Customer 1323","Bronze","Pune"
1324,"Customer 1324","Gold","Bengaluru"
1325,"Customer 1325","Silver","Mumbai"
1326,"Customer 1326","Bronze","Delhi"
1327,"Customer 1327","Gold","Pune"
1328,"Customer 1328","Silver","Bengaluru"
1329,"Customer 1329","Bronze","Mumbai"
1330,"Customer 1330","Gold","Delhi"
1331,"Customer 1331","Silver","Pune"
1332,"Customer 1332","Bronze","Bengaluru"
1333,"Customer 1333","Gold","Mumbai"
1334,"Customer 1334","Silver","Delhi"
1335,"Customer 1335","Bronze","Pune"
1336,"Customer 1336","Gold","Bengaluru"
1337,"Customer 1337","Silver","Mumbai"
1338,"Customer 1338","Bronze","Delhi"
1339,"Customer 1339","Gold","Pune"
1340,"Customer 1340","Silver","Bengaluru"
1341,"Customer 1341","Bronze","Mumbai"
1342,"Customer 1342","Gold","Delhi"
1343,"Customer 1343","Silver","Pune"
1344,"Customer 1344","Bronze","Bengaluru"
1345,"Customer 1345","Gold","Mumbai"
1346,"Customer 1346","Silver","Delhi"
1347,"Customer 1347","Bronze","Pune"
1348,"Customer 1348","Gold","Bengaluru"
1349,"Customer 1349","Silver","Mumbai"
1350,"Customer 1350","Bronze","Delhi"
1351,"Customer 1351","Gold","Pune"
1352,"Customer 1352","Silver","Bengaluru"
1353,"Customer 1353","Bronze","Mumbai"
1354,"Customer 1354","Gold","Delhi"
1355,"Customer 1355","Silver","Pune"
1356,"Customer 1356","Bronze","Bengaluru"
1357,"Customer 1357","Gold","Mumbai"
1358,"Customer 1358","Silver","Delhi"
1359,"Customer 1359","Bronze","Pune"
1360,"Customer 1360","Gold","Bengaluru"
1361,"Customer 1361","Silver","Mumbai"
1362,"Customer 1362","Bronze","Delhi"
1363,"Customer 1363","Gold","Pune"
1364,"Customer 1364","Silver","Bengaluru"
1365,"Customer 1365","Bronze","Mumbai"
1366,"Customer 1366","Gold","Delhi"
1367,"Customer 1367","Silver","Pune"
1368,"Customer 1368","Bronze","Bengaluru"
1369,"Customer 1369","Gold","Mumbai"
1370,"Customer 1370","Silver","Delhi"
1371,"Customer 1371","Bronze","Pune"
1372,"Customer 1372","Gold","Bengaluru"
1373,"Customer 1373","Silver","Mumbai"
1374,"Customer 1374","Bronze","Delhi"
1375,"Customer 1375","Gold","Pune"
1376,"Customer 1376","Silver","Bengaluru"
1377,"Customer 1377","Bronze","Mumbai"
1378,"Customer 1378","Gold","Delhi"
1379,"Customer 1379","Silver","Pune"
1380,"Customer 1380","Bronze","Bengaluru"
1381,"Customer 1381","Gold","Mumbai"
1382,"Customer 1382","Silver","Delhi"
1383,"Customer 1383","Bronze","Pune"
1384,"Customer 1384","Gold","Bengaluru"
1385,"Customer 1385","Silver","Mumbai"
1386,"Customer 1386","Bronze","Delhi"
1387,"Customer 1387","Gold","Pune"
1388,"Customer 1388","Silver","Bengaluru"
1389,"Customer 1389","Bronze","Mumbai"
1390,"Customer 1390","Gold","Delhi"
1391,"Customer 1391","Silver","Pune"
1392,"Customer 1392","Bronze","Bengaluru"
1393,"Customer 1393","Gold","Mumbai"
1394,"Customer 1394","Silver","Delhi"
1395,"Customer 1395","Bronze","Pune"
1396,"Customer 1396","Gold","Bengaluru"
1397,"Customer 1397","Silver","Mumbai"
1398,"Customer 1398","Bronze","Delhi"
1399,"Customer 1399","Gold","Pune"
1400,"Customer 1400","Silver","Bengaluru"
1401,"Customer 1401","Bronze","Mumbai"
1402,"Customer 1402","Gold","Delhi"
1403,"Customer 1403","Silver","Pune"
1404,"Customer 1404","Bronze","Bengaluru"
1405,"Customer 1405","Gold","Mumbai"
1406,"Customer 1406","Silver","Delhi"
1407,"Customer 1407","Bronze","Pune"
1408,"Customer 1408","Gold","Bengaluru"
1409,"Customer 1409","Silver","Mumbai"
1410,"Customer 1410","Bronze","Delhi"
1411,"Customer 1411","Gold","Pune"
1412,"Customer 1412","Silver","Bengaluru"
1413,"Customer 1413","Bronze","Mumbai"
1414,"Customer 1414","Gold","Delhi"
1415,"Customer 1415","Silver","Pune"
1416,"Customer 1416","Bronze","Bengaluru"
1417,"Customer 1417","Gold","Mumbai"
1418,"Customer 1418","Silver","Delhi"
1419,"Customer 1419","Bronze","Pune"
1420,"Customer 1420","Gold","Bengaluru"
1421,"Customer 1421","Silver","Mumbai"
1422,"Customer 1422","Bronze","Delhi"
1423,"Customer 1423","Gold","Pune"
1424,"Customer 1424","Silver","Bengaluru"
1425,"Customer 1425","Bronze","Mumbai"
1426,"Customer 1426","Gold","Delhi"
1427,"Customer 1427","Silver","Pune"
1428,"Customer 1428","Bronze","Bengaluru"
1429,"Customer 1429","Gold","Mumbai"
1430,"Customer 1430","Silver","Delhi"
1431,"Customer 1431","Bronze","Pune"
1432,"Customer 1432","Gold","Bengaluru"
1433,"Customer 1433","Silver","Mumbai"
1434,"Customer 1434","Bronze","Delhi"
1435,"Customer 1435","Gold","Pune"
1436,"Customer 1436","Silver","Bengaluru"
1437,"Customer 1437","Bronze","Mumbai"
1438,"Customer 1438","Gold","Delhi"
1439,"Customer 1439","Silver","Pune"
1440,"Customer 1440","Bronze","Bengaluru"
1441,"Customer 1441","Gold","Mumbai"
1442,"Customer 1442","Silver","Delhi"
1443,"Customer 1443","Bronze","Pune"
1444,"Customer 1444","Gold","Bengaluru"
1445,"Customer 1445","Silver","Mumbai"
1446,"Customer 1446","Bronze","Delhi"
1447,"Customer 1447","Gold","Pune"
1448,"Customer 1448","Silver","Bengaluru"
1449,"Customer 1449","Bronze","Mumbai"
1450,"Customer 1450","Gold","Delhi"
1451,"Customer 1451","Silver","Pune"
1452,"Customer 1452","Bronze","Bengaluru"
1453,"Customer 1453","Gold","Mumbai"
1454,"Customer 1454","Silver","Delhi"
1455,"Customer 1455","Bronze","Pune"
1456,"Customer 1456","Gold","Bengaluru"
1457,"Customer 1457","Silver","Mumbai"
1458,"Customer 1458","Bronze","Delhi"
1459,"Customer 1459","Gold","Pune"
1460,"Customer 1460","Silver","Bengaluru"
1461,"Customer 1461","Bronze","Mumbai"
1462,"Customer 1462","Gold","Delhi"
1463,"Customer 1463","Silver","Pune"
1464,"Customer 1464","Bronze","Bengaluru"
1465,"Customer 1465","Gold","Mumbai"
1466,"Customer 1466","Silver","Delhi"
1467,"Customer 1467","Bronze","Pune"
1468,"Customer 1468","Gold","Bengaluru"
1469,"Customer 1469","Silver","Mumbai"
1470,"Customer 1470","Bronze","Delhi"
1471,"Customer 1471","Gold","Pune"
1472,"Customer 1472","Silver","Bengaluru"
1473,"Customer 1473","Bronze","Mumbai"
1474,"Customer 1474","Gold","Delhi"
1475,"Customer 1475","Silver","Pune"
1476,"Customer 1476","Bronze","Bengaluru"
1477,"Customer 1477","Gold","Mumbai"
1478,"Customer 1478","Silver","Delhi"
1479,"Customer 1479","Bronze","Pune"
1480,"Customer 1480","Gold","Bengaluru"
1481,"Customer 1481","Silver","Mumbai"
1482,"Customer 1482","Bronze","Delhi"
1483,"Customer 1483","Gold","Pune"
1484,"Customer 1484","Silver","Bengaluru"
1485,"Customer 1485","Bronze","Mumbai"
1486,"Customer 1486","Gold","Delhi"
1487,"Customer 1487","Silver","Pune"
1488,"Customer 1488","Bronze","Bengaluru"
1489,"Customer 1489","Gold","Mumbai"
1490,"Customer 1490","Silver","Delhi"
1491,"Customer 1491","Bronze","Pune"
1492,"Customer 1492","Gold","Bengaluru"
1493,"Customer 1493","Silver","Mumbai"
1494,"Customer 1494","Bronze","Delhi"
1495,"Customer 1495","Gold","Pune"
1496,"Customer 1496","Silver","Bengaluru"
1497,"Customer 1497","Bronze","Mumbai"
1498,"Customer 1498","Gold","Delhi"
1499,"Customer 1499","Silver","Pune"
1500,"Customer 1500","Bronze","Bengaluru"
1501,"Customer 1501","Gold","Mumbai"
1502,"Customer 1502","Silver","Delhi"
1503,"Customer 1503","Bronze","Pune"
1504,"Customer 1504","Gold","Bengaluru"
1505,"Customer 1505","Silver","Mumbai"
1506,"Customer 1506","Bronze","Delhi"
1507,"Customer 1507","Gold","Pune"
1508,"Customer 1508","Silver","Bengaluru"
1509,"Customer 1509","Bronze","Mumbai"
1510,"Customer 1510","Gold","Delhi"
1511,"Customer 1511","Silver","Pune"
1512,"Customer 1512","Bronze","Bengaluru"
1513,"Customer 1513","Gold","Mumbai"
1514,"Customer 1514","Silver","Delhi"
1515,"Customer 1515","Bronze","Pune"
1516,"Customer 1516","Gold","Bengaluru"
1517,"Customer 1517","Silver","Mumbai"
1518,"Customer 1518","Bronze","Delhi"
1519,"Customer 1519","Gold","Pune"
1520,"Customer 1520","Silver","Bengaluru"
1521,"Customer 1521","Bronze","Mumbai"
1522,"Customer 1522","Gold","Delhi"
1523,"Customer 1523","Silver","Pune"
1524,"Customer 1524","Bronze","Bengaluru"
1525,"Customer 1525","Gold","Mumbai"
1526,"Customer 1526","Silver","Delhi"
1527,"Customer 1527","Bronze","Pune"
1528,"Customer 1528","Gold","Bengaluru"
1529,"Customer 1529","Silver","Mumbai"
1530,"Customer 1530","Bronze","Delhi"
1531,"Customer 1531","Gold","Pune"
1532,"Customer 1532","Silver","Bengaluru"
1533,"Customer 1533","Bronze","Mumbai"
1534,"Customer 1534","Gold","Delhi"
1535,"Customer 1535","Silver","Pune"
1536,"Customer 1536","Bronze","Bengaluru"
1537,"Customer 1537","Gold","Mumbai"
1538,"Customer 1538","Silver","Delhi"
1539,"Customer 1539","Bronze","Pune"
1540,"Customer 1540","Gold","Bengaluru"
1541,"Customer 1541","Silver","Mumbai"
1542,"Customer 1542","Bronze","Delhi"
1543,"Customer 1543","Gold","Pune"
1544,"Customer 1544","Silver","Bengaluru"
1545,"Customer 1545","Bronze","Mumbai"
1546,"Customer 1546","Gold","Delhi"
1547,"Customer 1547","Silver","Pune"
1548,"Customer 1548","Bronze","Bengaluru"
1549,"Customer 1549","Gold","Mumbai"
1550,"Customer 1550","Silver","Delhi"
1551,"Customer 1551","Bronze","Pune"
1552,"Customer 1552","Gold","Bengaluru"
1553,"Customer 1553","Silver","Mumbai"
1554,"Customer 1554","Bronze","Delhi"
1555,"Customer 1555","Gold","Pune"
1556,"Customer 1556","Silver","Bengaluru"
1557,"Customer 1557","Bronze","Mumbai"
1558,"Customer 1558","Gold","Delhi"
1559,"Customer 1559","Silver","Pune"
1560,"Customer 1560","Bronze","Bengaluru"
1561,"Customer 1561","Gold","Mumbai"
1562,"Customer 1562","Silver","Delhi"
1563,"Customer 1563","Bronze","Pune"
1564,"Customer 1564","Gold","Bengaluru"
1565,"Customer 1565","Silver","Mumbai"
1566,"Customer 1566","Bronze","Delhi"
1567,"Customer 1567","Gold","Pune"
1568,"Customer 1568","Silver","Bengaluru"
1569,"Customer 1569","Bronze","Mumbai"
1570,"Customer 1570","Gold","Delhi"
1571,"Customer 1571","Silver","Pune"
1572,"Customer 1572","Bronze","Bengaluru"
1573,"Customer 1573","Gold","Mumbai"
1574,"Customer 1574","Silver","Delhi"
1575,"Customer 1575","Bronze","Pune"
1576,"Customer 1576","Gold","Bengaluru"
1577,"Customer 1577","Silver","Mumbai"
1578,"Customer 1578","Bronze","Delhi"
1579,"Customer 1579","Gold","Pune"
1580,"Customer 1580","Silver","Bengaluru"
1581,"Customer 1581","Bronze","Mumbai"
1582,"Customer 1582","Gold","Delhi"
1583,"Customer 1583","Silver","Pune"
1584,"Customer 1584","Bronze","Bengaluru"
1585,"Customer 1585","Gold","Mumbai"
1586,"Customer 1586","Silver","Delhi"
1587,"Customer 1587","Bronze","Pune"
1588,"Customer 1588","Gold","Bengaluru"
1589,"Customer 1589","Silver","Mumbai"
1590,"Customer 1590","Bronze","Delhi"
1591,"Customer 1591","Gold","Pune"
1592,"Customer 1592","Silver","Bengaluru"
1593,"Customer 1593","Bronze","Mumbai"
1594,"Customer 1594","Gold","Delhi"
1595,"Customer 1595","Silver","Pune"
1596,"Customer 1596","Bronze","Bengaluru"
1597,"Customer 1597","Gold","Mumbai"
1598,"Customer 1598","Silver","Delhi"
1599,"Customer 1599","Bronze","Pune"
1600,"Customer 1600","Gold","Bengaluru"
1601,"Customer 1601","Silver","Mumbai"
1602,"Customer 1602","Bronze","Delhi"
1603,"Customer 1603","Gold","Pune"
1604,"Customer 1604","Silver","Bengaluru"
1605,"Customer 1605","Bronze","Mumbai"
1606,"Customer 1606","Gold","Delhi"
1607,"Customer 1607","Silver","Pune"
1608,"Customer 1608","Bronze","Bengaluru"
1609,"Customer 1609","Gold","Mumbai"
1610,"Customer 1610","Silver","Delhi"
1611,"Customer 1611","Bronze","Pune"
1612,"Customer 1612","Gold","Bengaluru"
1613,"Customer 1613","Silver","Mumbai"
1614,"Customer 1614","Bronze","Delhi"
1615,"Customer 1615","Gold","Pune"
1616,"Customer 1616","Silver","Bengaluru"
1617,"Customer 1617","Bronze","Mumbai"
1618,"Customer 1618","Gold","Delhi"
1619,"Customer 1619","Silver","Pune"
1620,"Customer 1620","Bronze","Bengaluru"
1621,"Customer 1621","Gold","Mumbai"
1622,"Customer 1622","Silver","Delhi"
1623,"Customer 1623","Bronze","Pune"
1624,"Customer 1624","Gold","Bengaluru"
1625,"Customer 1625","Silver","Mumbai"
1626,"Customer 1626","Bronze","Delhi"
1627,"Customer 1627","Gold","Pune"
1628,"Customer 1628","Silver","Bengaluru"
1629,"Customer 1629","Bronze","Mumbai"
1630,"Customer 1630","Gold","Delhi"
1631,"Customer 1631","Silver","Pune"
1632,"Customer 1632","Bronze","Bengaluru"
1633,"Customer 1633","Gold","Mumbai"
1634,"Customer 1634","Silver","Delhi"
1635,"Customer 1635","Bronze","Pune"
1636,"Customer 1636","Gold","Bengaluru"
1637,"Customer 1637","Silver","Mumbai"
1638,"Customer 1638","Bronze","Delhi"
1639,"Customer 1639","Gold","Pune"
1640,"Customer 1640","Silver","Bengaluru"
1641,"Customer 1641","Bronze","Mumbai"
1642,"Customer 1642","Gold","Delhi"
1643,"Customer 1643","Silver","Pune"
1644,"Customer 1644","Bronze","Bengaluru"
1645,"Customer 1645","Gold","Mumbai"
1646,"Customer 1646","Silver","Delhi"
1647,"Customer 1647","Bronze","Pune"
1648,"Customer 1648","Gold","Bengaluru"
1649,"Customer 1649","Silver","Mumbai"
1650,"Customer 1650","Bronze","Delhi"
1651,"Customer 1651","Gold","Pune"
1652,"Customer 1652","Silver","Bengaluru"
1653,"Customer 1653","Bronze","Mumbai"
1654,"Customer 1654","Gold","Delhi"
1655,"Customer 1655","Silver","Pune"
1656,"Customer 1656","Bronze","Bengaluru"
1657,"Customer 1657","Gold","Mumbai"
1658,"Customer 1658","Silver","Delhi"
1659,"Customer 1659","Bronze","Pune"
1660,"Customer 1660","Gold","Bengaluru"
1661,"Customer 1661","Silver","Mumbai"
1662,"Customer 1662","Bronze","Delhi"
1663,"Customer 1663","Gold","Pune"
1664,"Customer 1664","Silver","Bengaluru"
1665,"Customer 1665","Bronze","Mumbai"
1666,"Customer 1666","Gold","Delhi"
1667,"Customer 1667","Silver","Pune"
1668,"Customer 1668","Bronze","Bengaluru"
1669,"Customer 1669","Gold","Mumbai"
1670,"Customer 1670","Silver","Delhi"
1671,"Customer 1671","Bronze","Pune"
1672,"Customer 1672","Gold","Bengaluru"
1673,"Customer 1673","Silver","Mumbai"
1674,"Customer 1674","Bronze","Delhi"
1675,"Customer 1675","Gold","Pune"
1676,"Customer 1676","Silver","Bengaluru"
1677,"Customer 1677","Bronze","Mumbai"
1678,"Customer 1678","Gold","Delhi"
1679,"Customer 1679","Silver","Pune"
1680,"Customer 1680","Bronze","Bengaluru"
1681,"Customer 1681","Gold","Mumbai"
1682,"Customer 1682","Silver","Delhi"
1683,"Customer 1683","Bronze","Pune"
1684,"Customer 1684","Gold","Bengaluru"
1685,"Customer 1685","Silver","Mumbai"
1686,"Customer 1686","Bronze","Delhi"
1687,"Customer 1687","Gold","Pune"
1688,"Customer 1688","Silver","Bengaluru"
1689,"Customer 1689","Bronze","Mumbai"
1690,"Customer 1690","Gold","Delhi"
1691,"Customer 1691","Silver","Pune"
1692,"Customer 1692","Bronze","Bengaluru"
1693,"Customer 1693","Gold","Mumbai"
1694,"Customer 1694","Silver","Delhi"
1695,"Customer 1695","Bronze","Pune"
1696,"Customer 1696","Gold","Bengaluru"
1697,"Customer 1697","Silver","Mumbai"
1698,"Customer 1698","Bronze","Delhi"
1699,"Customer 1699","Gold","Pune"
1700,"Customer 1700","Silver","Bengaluru"
1701,"Customer 1701","Bronze","Mumbai"
1702,"Customer 1702","Gold","Delhi"
1703,"Customer 1703","Silver","Pune"
1704,"Customer 1704","Bronze","Bengaluru"
1705,"Customer 1705","Gold","Mumbai"
1706,"Customer 1706","Silver","Delhi"
1707,"Customer 1707","Bronze","Pune"
1708,"Customer 1708","Gold","Bengaluru"
1709,"Customer 1709","Silver","Mumbai"
1710,"Customer 1710","Bronze","Delhi"
1711,"Customer 1711","Gold","Pune"
1712,"Customer 1712","Silver","Bengaluru"
1713,"Customer 1713","Bronze","Mumbai"
1714,"Customer 1714","Gold","Delhi"
1715,"Customer 1715","Silver","Pune"
1716,"Customer 1716","Bronze","Bengaluru"
1717,"Customer 1717","Gold","Mumbai"
1718,"Customer 1718","Silver","Delhi"
1719,"Customer 1719","Bronze","Pune"
1720,"Customer 1720","Gold","Bengaluru"
1721,"Customer 1721","Silver","Mumbai"
1722,"Customer 1722","Bronze","Delhi"
1723,"Customer 1723","Gold","Pune"
1724,"Customer 1724","Silver","Bengaluru"
1725,"Customer 1725","Bronze","Mumbai"
1726,"Customer 1726","Gold","Delhi"
1727,"Customer 1727","Silver","Pune"
1728,"Customer 1728","Bronze","Bengaluru"
1729,"Customer 1729","Gold","Mumbai"
1730,"Customer 1730","Silver","Delhi"
1731,"Customer 1731","Bronze","Pune"
1732,"Customer 1732","Gold","Bengaluru"
1733,"Customer 1733","Silver","Mumbai"
1734,"Customer 1734","Bronze","Delhi"
1735,"Customer 1735","Gold","Pune"
1736,"Customer 1736","Silver","Bengaluru"
1737,"Customer 1737","Bronze","Mumbai"
1738,"Customer 1738","Gold","Delhi"
1739,"Customer 1739","Silver","Pune"
1740,"Customer 1740","Bronze","Bengaluru"
1741,"Customer 1741","Gold","Mumbai"
1742,"Customer 1742","Silver","Delhi"
1743,"Customer 1743","Bronze","Pune"
1744,"Customer 1744","Gold","Bengaluru"
1745,"Customer 1745","Silver","Mumbai"
1746,"Customer 1746","Bronze","Delhi"
1747,"Customer 1747","Gold","Pune"
1748,"Customer 1748","Silver","Bengaluru"
1749,"Customer 1749","Bronze","Mumbai"
1750,"Customer 1750","Gold","Delhi"
1751,"Customer 1751","Silver","Pune"
1752,"Customer 1752","Bronze","Bengaluru"
1753,"Customer 1753","Gold","Mumbai"
1754,"Customer 1754","Silver","Delhi"
1755,"Customer 1755","Bronze","Pune"
1756,"Customer 1756","Gold","Bengaluru"
1757,"Customer 1757","Silver","Mumbai"
1758,"Customer 1758","Bronze","Delhi"
1759,"Customer 1759","Gold","Pune"
1760,"Customer 1760","Silver","Bengaluru"
1761,"Customer 1761","Bronze","Mumbai"
1762,"Customer 1762","Gold","Delhi"
1763,"Customer 1763","Silver","Pune"
1764,"Customer 1764","Bronze","Bengaluru"
1765,"Customer 1765","Gold","Mumbai"
1766,"Customer 1766","Silver","Delhi"
1767,"Customer 1767","Bronze","Pune"
1768,"Customer 1768","Gold","Bengaluru"
1769,"Customer 1769","Silver","Mumbai"
1770,"Customer 1770","Bronze","Delhi"
1771,"Customer 1771","Gold","Pune"
1772,"Customer 1772","Silver","Bengaluru"
1773,"Customer 1773","Bronze","Mumbai"
1774,"Customer 1774","Gold","Delhi"
1775,"Customer 1775","Silver","Pune"
1776,"Customer 1776","Bronze","Bengaluru"
1777,"Customer 1777","Gold","Mumbai"
1778,"Customer 1778","Silver","Delhi"
1779,"Customer 1779","Bronze","Pune"
1780,"Customer 1780","Gold","Bengaluru"
1781,"Customer 1781","Silver","Mumbai"
1782,"Customer 1782","Bronze","Delhi"
1783,"Customer 1783","Gold","Pune"
1784,"Customer 1784","Silver","Bengaluru"
1785,"Customer 1785","Bronze","Mumbai"
1786,"Customer 1786","Gold","Delhi"
1787,"Customer 1787","Silver","Pune"
1788,"Customer 1788","Bronze","Bengaluru"
1789,"Customer 1789","Gold","Mumbai"
1790,"Customer 1790","Silver","Delhi"
1791,"Customer 1791","Bronze","Pune"
1792,"Customer 1792","Gold","Bengaluru"
1793,"Customer 1793","Silver","Mumbai"
1794,"Customer 1794","Bronze","Delhi"
1795,"Customer 1795","Gold","Pune"
1796,"Customer 1796","Silver","Bengaluru"
1797,"Customer 1797","Bronze","Mumbai"
1798,"Customer 1798","Gold","Delhi"
1799,"Customer 1799","Silver","Pune"
1800,"Customer 1800","Bronze","Bengaluru"
1801,"Customer 1801","Gold","Mumbai"
1802,"Customer 1802","Silver","Delhi"
1803,"Customer 1803","Bronze","Pune"
1804,"Customer 1804","Gold","Bengaluru"
1805,"Customer 1805","Silver","Mumbai"
1806,"Customer 1806","Bronze","Delhi"
1807,"Customer 1807","Gold","Pune"
1808,"Customer 1808","Silver","Bengaluru"
1809,"Customer 1809","Bronze","Mumbai"
1810,"Customer 1810","Gold","Delhi"
1811,"Customer 1811","Silver","Pune"
1812,"Customer 1812","Bronze","Bengaluru"
1813,"Customer 1813","Gold","Mumbai"
1814,"Customer 1814","Silver","Delhi"
1815,"Customer 1815","Bronze","Pune"
1816,"Customer 1816","Gold","Bengaluru"
1817,"Customer 1817","Silver","Mumbai"
1818,"Customer 1818","Bronze","Delhi"
1819,"Customer 1819","Gold","Pune"
1820,"Customer 1820","Silver","Bengaluru"
1821,"Customer 1821","Bronze","Mumbai"
1822,"Customer 1822","Gold","Delhi"
1823,"Customer 1823","Silver","Pune"
1824,"Customer 1824","Bronze","Bengaluru"
1825,"Customer 1825","Gold","Mumbai"
1826,"Customer 1826","Silver","Delhi"
1827,"Customer 1827","Bronze","Pune"
1828,"Customer 1828","Gold","Bengaluru"
1829,"Customer 1829","Silver","Mumbai"
1830,"Customer 1830","Bronze","Delhi"
1831,"Customer 1831","Gold","Pune"
1832,"Customer 1832","Silver","Bengaluru"
1833,"Customer 1833","Bronze","Mumbai"
1834,"Customer 1834","Gold","Delhi"
1835,"Customer 1835","Silver","Pune"
1836,"Customer 1836","Bronze","Bengaluru"
1837,"Customer 1837","Gold","Mumbai"
1838,"Customer 1838","Silver","Delhi"
1839,"Customer 1839","Bronze","Pune"
1840,"Customer 1840","Gold","Bengaluru"
1841,"Customer 1841","Silver","Mumbai"
1842,"Customer 1842","Bronze","Delhi"
1843,"Customer 1843","Gold","Pune"
1844,"Customer 1844","Silver","Bengaluru"
1845,"Customer 1845","Bronze","Mumbai"
1846,"Customer 1846","Gold","Delhi"
1847,"Customer 1847","Silver","Pune"
1848,"Customer 1848","Bronze","Bengaluru"
1849,"Customer 1849","Gold","Mumbai"
1850,"Customer 1850","Silver","Delhi"
1851,"Customer 1851","Bronze","Pune"
1852,"Customer 1852","Gold","Bengaluru"
1853,"Customer 1853","Silver","Mumbai"
1854,"Customer 1854","Bronze","Delhi"
1855,"Customer 1855","Gold","Pune"
1856,"Customer 1856","Silver","Bengaluru"
1857,"Customer 1857","Bronze","Mumbai"
1858,"Customer 1858","Gold","Delhi"
1859,"Customer 1859","Silver","Pune"
1860,"Customer 1860","Bronze","Bengaluru"
1861,"Customer 1861","Gold","Mumbai"
1862,"Customer 1862","Silver","Delhi"
1863,"Customer 1863","Bronze","Pune"
1864,"Customer 1864","Gold","Bengaluru"
1865,"Customer 1865","Silver","Mumbai"
1866,"Customer 1866","Bronze","Delhi"
1867,"Customer 1867","Gold","Pune"
1868,"Customer 1868","Silver","Bengaluru"
1869,"Customer 1869","Bronze","Mumbai"
1870,"Customer 1870","Gold","Delhi"
1871,"Customer 1871","Silver","Pune"
1872,"Customer 1872","Bronze","Bengaluru"
1873,"Customer 1873","Gold","Mumbai"
1874,"Customer 1874","Silver","Delhi"
1875,"Customer 1875","Bronze","Pune"
1876,"Customer 1876","Gold","Bengaluru"
1877,"Customer 1877","Silver","Mumbai"
1878,"Customer 1878","Bronze","Delhi"
1879,"Customer 1879","Gold","Pune"
1880,"Customer 1880","Silver","Bengaluru"
1881,"Customer 1881","Bronze","Mumbai"
1882,"Customer 1882","Gold","Delhi"
1883,"Customer 1883","Silver","Pune"
1884,"Customer 1884","Bronze","Bengaluru"
1885,"Customer 1885","Gold","Mumbai"
1886,"Customer 1886","Silver","Delhi"
1887,"Customer 1887","Bronze","Pune"
1888,"Customer 1888","Gold","Bengaluru"
1889,"Customer 1889","Silver","Mumbai"
1890,"Customer 1890","Bronze","Delhi"
1891,"Customer 1891","Gold","Pune"
1892,"Customer 1892","Silver","Bengaluru"
1893,"Customer 1893","Bronze","Mumbai"
1894,"Customer 1894","Gold","Delhi"
1895,"Customer 1895","Silver","Pune"
1896,"Customer 1896","Bronze","Bengaluru"
1897,"Customer 1897","Gold","Mumbai"
1898,"Customer 1898","Silver","Delhi"
1899,"Customer 1899","Bronze","Pune"
1900,"Customer 1900","Gold","Bengaluru"
1901,"Customer 1901","Silver","Mumbai"
1902,"Customer 1902","Bronze","Delhi"
1903,"Customer 1903","Gold","Pune"
1904,"Customer 1904","Silver","Bengaluru"
1905,"Customer 1905","Bronze","Mumbai"
1906,"Customer 1906","Gold","Delhi"
1907,"Customer 1907","Silver","Pune"
1908,"Customer 1908","Bronze","Bengaluru"
1909,"Customer 1909","Gold","Mumbai"
1910,"Customer 1910","Silver","Delhi"
1911,"Customer 1911","Bronze","Pune"
1912,"Customer 1912","Gold","Bengaluru"
1913,"Customer 1913","Silver","Mumbai"
1914,"Customer 1914","Bronze","Delhi"
1915,"Customer 1915","Gold","Pune"
1916,"Customer 1916","Silver","Bengaluru"
1917,"Customer 1917","Bronze","Mumbai"
1918,"Customer 1918","Gold","Delhi"
1919,"Customer 1919","Silver","Pune"
1920,"Customer 1920","Bronze","Bengaluru"
1921,"Customer 1921","Gold","Mumbai"
1922,"Customer 1922","Silver","Delhi"
1923,"Customer 1923","Bronze","Pune"
1924,"Customer 1924","Gold","Bengaluru"
1925,"Customer 1925","Silver","Mumbai"
1926,"Customer 1926","Bronze","Delhi"
1927,"Customer 1927","Gold","Pune"
1928,"Customer 1928","Silver","Bengaluru"
1929,"Customer 1929","Bronze","Mumbai"
1930,"Customer 1930","Gold","Delhi"
1931,"Customer 1931","Silver","Pune"
1932,"Customer 1932","Bronze","Bengaluru"
1933,"Customer 1933","Gold","Mumbai"
1934,"Customer 1934","Silver","Delhi"
1935,"Customer 1935","Bronze","Pune"
1936,"Customer 1936","Gold","Bengaluru"
1937,"Customer 1937","Silver","Mumbai"
1938,"Customer 1938","Bronze","Delhi"
1939,"Customer 1939","Gold","Pune"
1940,"Customer 1940","Silver","Bengaluru"
1941,"Customer 1941","Bronze","Mumbai"
1942,"Customer 1942","Gold","Delhi"
1943,"Customer 1943","Silver","Pune"
1944,"Customer 1944","Bronze","Bengaluru"
1945,"Customer 1945","Gold","Mumbai"
1946,"Customer 1946","Silver","Delhi"
1947,"Customer 1947","Bronze","Pune"
1948,"Customer 1948","Gold","Bengaluru"
1949,"Customer 1949","Silver","Mumbai"
1950,"Customer 1950","Bronze","Delhi"
1951,"Customer 1951","Gold","Pune"
1952,"Customer 1952","Silver","Bengaluru"
1953,"Customer 1953","Bronze","Mumbai"
1954,"Customer 1954","Gold","Delhi"
1955,"Customer 1955","Silver","Pune"
1956,"Customer 1956","Bronze","Bengaluru"
1957,"Customer 1957","Gold","Mumbai"
1958,"Customer 1958","Silver","Delhi"
1959,"Customer 1959","Bronze","Pune"
1960,"Customer 1960","Gold","Bengaluru"
1961,"Customer 1961","Silver","Mumbai"
1962,"Customer 1962","Bronze","Delhi"
1963,"Customer 1963","Gold","Pune"
1964,"Customer 1964","Silver","Bengaluru"
1965,"Customer 1965","Bronze","Mumbai"
1966,"Customer 1966","Gold","Delhi"
1967,"Customer 1967","Silver","Pune"
1968,"Customer 1968","Bronze","Bengaluru"
1969,"Customer 1969","Gold","Mumbai"
1970,"Customer 1970","Silver","Delhi"
1971,"Customer 1971","Bronze","Pune"
1972,"Customer 1972","Gold","Bengaluru"
1973,"Customer 1973","Silver","Mumbai"
1974,"Customer 1974","Bronze","Delhi"
1975,"Customer 1975","Gold","Pune"
1976,"Customer 1976","Silver","Bengaluru"
1977,"Customer 1977","Bronze","Mumbai"
1978,"Customer 1978","Gold","Delhi"
1979,"Customer 1979","Silver","Pune"
1980,"Customer 1980","Bronze","Bengaluru"
1981,"Customer 1981","Gold","Mumbai"
1982,"Customer 1982","Silver","Delhi"
1983,"Customer 1983","Bronze","Pune"
1984,"Customer 1984","Gold","Bengaluru"
1985,"Customer 1985","Silver","Mumbai"
1986,"Customer 1986","Bronze","Delhi"
1987,"Customer 1987","Gold","Pune"
1988,"Customer 1988","Silver","Bengaluru"
1989,"Customer 1989","Bronze","Mumbai"
1990,"Customer 1990","Gold","Delhi"
1991,"Customer 1991","Silver","Pune"
1992,"Customer 1992","Bronze","Bengaluru"
1993,"Customer 1993","Gold","Mumbai"
1994,"Customer 1994","Silver","Delhi"
1995,"Customer 1995","Bronze","Pune"
1996,"Customer 1996","Gold","Bengaluru"
1997,"Customer 1997","Silver","Mumbai"
1998,"Customer 1998","Bronze","Delhi"
1999,"Customer 1999","Gold","Pune"
2000,"Customer 2000","Silver","Bengaluru"
2001,"Customer 2001","Bronze","Mumbai"
2002,"Customer 2002","Gold","Delhi"
2003,"Customer 2003","Silver","Pune"
2004,"Customer 2004","Bronze","Bengaluru"
2005,"Customer 2005","Gold","Mumbai"
2006,"Customer 2006","Silver","Delhi"
2007,"Customer 2007","Bronze","Pune"
2008,"Customer 2008","Gold","Bengaluru"
2009,"Customer 2009","Silver","Mumbai"
2010,"Customer 2010","Bronze","Delhi"
2011,"Customer 2011","Gold","Pune"
2012,"Customer 2012","Silver","Bengaluru"
2013,"Customer 2013","Bronze","Mumbai"
2014,"Customer 2014","Gold","Delhi"
2015,"Customer 2015","Silver","Pune"
2016,"Customer 2016","Bronze","Bengaluru"
2017,"Customer 2017","Gold","Mumbai"
2018,"Customer 2018","Silver","Delhi"
2019,"Customer 2019","Bronze","Pune"
2020,"Customer 2020","Gold","Bengaluru"
2021,"Customer 2021","Silver","Mumbai"
2022,"Customer 2022","Bronze","Delhi"
2023,"Customer 2023","Gold","Pune"
2024,"Customer 2024","Silver","Bengaluru"
2025,"Customer 2025","Bronze","Mumbai"
2026,"Customer 2026","Gold","Delhi"
2027,"Customer 2027","Silver","Pune"
2028,"Customer 2028","Bronze","Bengaluru"
2029,"Customer 2029","Gold","Mumbai"
2030,"Customer 2030","Silver","Delhi"
2031,"Customer 2031","Bronze","Pune"
2032,"Customer 2032","Gold","Bengaluru"
2033,"Customer 2033","Silver","Mumbai"
2034,"Customer 2034","Bronze","Delhi"
2035,"Customer 2035","Gold","Pune"
2036,"Customer 2036","Silver","Bengaluru"
2037,"Customer 2037","Bronze","Mumbai"
2038,"Customer 2038","Gold","Delhi"
2039,"Customer 2039","Silver","Pune"
2040,"Customer 2040","Bronze","Bengaluru"
2041,"Customer 2041","Gold","Mumbai"
2042,"Customer 2042","Silver","Delhi"
2043,"Customer 2043","Bronze","Pune"
2044,"Customer 2044","Gold","Bengaluru"
2045,"Customer 2045","Silver","Mumbai"
2046,"Customer 2046","Bronze","Delhi"
2047,"Customer 2047","Gold","Pune"
2048,"Customer 2048","Silver","Bengaluru"
2049,"Customer 2049","Bronze","Mumbai"
2050,"Customer 2050","Gold","Delhi"
2051,"Customer 2051","Silver","Pune"
2052,"Customer 2052","Bronze","Bengaluru"
2053,"Customer 2053","Gold","Mumbai"
2054,"Customer 2054","Silver","Delhi"
2055,"Customer 2055","Bronze","Pune"
2056,"Customer 2056","Gold","Bengaluru"
2057,"Customer 2057","Silver","Mumbai"
2058,"Customer 2058","Bronze","Delhi"
2059,"Customer 2059","Gold","Pune"
2060,"Customer 2060","Silver","Bengaluru"
2061,"Customer 2061","Bronze","Mumbai"
2062,"Customer 2062","Gold","Delhi"
2063,"Customer 2063","Silver","Pune"
2064,"Customer 2064","Bronze","Bengaluru"
2065,"Customer 2065","Gold","Mumbai"
2066,"Customer 2066","Silver","Delhi"
2067,"Customer 2067","Bronze","Pune"
2068,"Customer 2068","Gold","Bengaluru"
2069,"Customer 2069","Silver","Mumbai"
2070,"Customer 2070","Bronze","Delhi"
2071,"Customer 2071","Gold","Pune"
2072,"Customer 2072","Silver","Bengaluru"
2073,"Customer 2073","Bronze","Mumbai"
2074,"Customer 2074","Gold","Delhi"
2075,"Customer 2075","Silver","Pune"
2076,"Customer 2076","Bronze","Bengaluru"
2077,"Customer 2077","Gold","Mumbai"
2078,"Customer 2078","Silver","Delhi"
2079,"Customer 2079","Bronze","Pune"
2080,"Customer 2080","Gold","Bengaluru"
2081,"Customer 2081","Silver","Mumbai"
2082,"Customer 2082","Bronze","Delhi"
2083,"Customer 2083","Gold","Pune"
2084,"Customer 2084","Silver","Bengaluru"
2085,"Customer 2085","Bronze","Mumbai"
2086,"Customer 2086","Gold","Delhi"
2087,"Customer 2087","Silver","Pune"
2088,"Customer 2088","Bronze","Bengaluru"
2089,"Customer 2089","Gold","Mumbai"
2090,"Customer 2090","Silver","Delhi"
2091,"Customer 2091","Bronze","Pune"
2092,"Customer 2092","Gold","Bengaluru"
2093,"Customer 2093","Silver","Mumbai"
2094,"Customer 2094","Bronze","Delhi"
2095,"Customer 2095","Gold","Pune"
2096,"Customer 2096","Silver","Bengaluru"
2097,"Customer 2097","Bronze","Mumbai"
2098,"Customer 2098","Gold","Delhi"
2099,"Customer 2099","Silver","Pune"
2100,"Customer 2100","Bronze","Bengaluru"
2101,"Customer 2101","Gold","Mumbai"
2102,"Customer 2102","Silver","Delhi"
2103,"Customer 2103","Bronze","Pune"
2104,"Customer 2104","Gold","Bengaluru"
2105,"Customer 2105","Silver","Mumbai"
2106,"Customer 2106","Bronze","Delhi"
2107,"Customer 2107","Gold","Pune"
2108,"Customer 2108","Silver","Bengaluru"
2109,"Customer 2109","Bronze","Mumbai"
2110,"Customer 2110","Gold","Delhi"
2111,"Customer 2111","Silver","Pune"
2112,"Customer 2112","Bronze","Bengaluru"
2113,"Customer 2113","Gold","Mumbai"
2114,"Customer 2114","Silver","Delhi"
2115,"Customer 2115","Bronze","Pune"
2116,"Customer 2116","Gold","Bengaluru"
2117,"Customer 2117","Silver","Mumbai"
2118,"Customer 2118","Bronze","Delhi"
2119,"Customer 2119","Gold","Pune"
2120,"Customer 2120","Silver","Bengaluru"
2121,"Customer 2121","Bronze","Mumbai"
2122,"Customer 2122","Gold","Delhi"
2123,"Customer 2123","Silver","Pune"
2124,"Customer 2124","Bronze","Bengaluru"
2125,"Customer 2125","Gold","Mumbai"
2126,"Customer 2126","Silver","Delhi"
2127,"Customer 2127","Bronze","Pune"
2128,"Customer 2128","Gold","Bengaluru"
2129,"Customer 2129","Silver","Mumbai"
2130,"Customer 2130","Bronze","Delhi"
2131,"Customer 2131","Gold","Pune"
2132,"Customer 2132","Silver","Bengaluru"
2133,"Customer 2133","Bronze","Mumbai"
2134,"Customer 2134","Gold","Delhi"
2135,"Customer 2135","Silver","Pune"
2136,"Customer 2136","Bronze","Bengaluru"
2137,"Customer 2137","Gold","Mumbai"
2138,"Customer 2138","Silver","Delhi"
2139,"Customer 2139","Bronze","Pune"
2140,"Customer 2140","Gold","Bengaluru"
2141,"Customer 2141","Silver","Mumbai"
2142,"Customer 2142","Bronze","Delhi"
2143,"Customer 2143","Gold","Pune"
2144,"Customer 2144","Silver","Bengaluru"
2145,"Customer 2145","Bronze","Mumbai"
2146,"Customer 2146","Gold","Delhi"
2147,"Customer 2147","Silver","Pune"
2148,"Customer 2148","Bronze","Bengaluru"
2149,"Customer 2149","Gold","Mumbai"
2150,"Customer 2150","Silver","Delhi"
2151,"Customer 2151","Bronze","Pune"
2152,"Customer 2152","Gold","Bengaluru"
2153,"Customer 2153","Silver","Mumbai"
2154,"Customer 2154","Bronze","Delhi"
2155,"Customer 2155","Gold","Pune"
2156,"Customer 2156","Silver","Bengaluru"
2157,"Customer 2157","Bronze","Mumbai"
2158,"Customer 2158","Gold","Delhi"
2159,"Customer 2159","Silver","Pune"
2160,"Customer 2160","Bronze","Bengaluru"
2161,"Customer 2161","Gold","Mumbai"
2162,"Customer 2162","Silver","Delhi"
2163,"Customer 2163","Bronze","Pune"
2164,"Customer 2164","Gold","Bengaluru"
2165,"Customer 2165","Silver","Mumbai"
2166,"Customer 2166","Bronze","Delhi"
2167,"Customer 2167","Gold","Pune"
2168,"Customer 2168","Silver","Bengaluru"
2169,"Customer 2169","Bronze","Mumbai"
2170,"Customer 2170","Gold","Delhi"
2171,"Customer 2171","Silver","Pune"
2172,"Customer 2172","Bronze","Bengaluru"
2173,"Customer 2173","Gold","Mumbai"
2174,"Customer 2174","Silver","Delhi"
2175,"Customer 2175","Bronze","Pune"
2176,"Customer 2176","Gold","Bengaluru"
2177,"Customer 2177","Silver","Mumbai"
2178,"Customer 2178","Bronze","Delhi"
2179,"Customer 2179","Gold","Pune"
2180,"Customer 2180","Silver","Bengaluru"
2181,"Customer 2181","Bronze","Mumbai"
2182,"Customer 2182","Gold","Delhi"
2183,"Customer 2183","Silver","Pune"
2184,"Customer 2184","Bronze","Bengaluru"
2185,"Customer 2185","Gold","Mumbai"
2186,"Customer 2186","Silver","Delhi"
2187,"Customer 2187","Bronze","Pune"
2188,"Customer 2188","Gold","Bengaluru"
2189,"Customer 2189","Silver","Mumbai"
2190,"Customer 2190","Bronze","Delhi"
2191,"Customer 2191","Gold","Pune"
2192,"Customer 2192","Silver","Bengaluru"
2193,"Customer 2193","Bronze","Mumbai"
2194,"Customer 2194","Gold","Delhi"
2195,"Customer 2195","Silver","Pune"
2196,"Customer 2196","Bronze","Bengaluru"
2197,"Customer 2197","Gold","Mumbai"
2198,"Customer 2198","Silver","Delhi"
2199,"Customer 2199","Bronze","Pune"
2200,"Customer 2200","Gold","Bengaluru"
2201,"Customer 2201","Silver","Mumbai"
2202,"Customer 2202","Bronze","Delhi"
2203,"Customer 2203","Gold","Pune"
2204,"Customer 2204","Silver","Bengaluru"
2205,"Customer 2205","Bronze","Mumbai"
2206,"Customer 2206","Gold","Delhi"
2207,"Customer 2207","Silver","Pune"
2208,"Customer 2208","Bronze","Bengaluru"
2209,"Customer 2209","Gold","Mumbai"
2210,"Customer 2210","Silver","Delhi"
2211,"Customer 2211","Bronze","Pune"
2212,"Customer 2212","Gold","Bengaluru"
2213,"Customer 2213","Silver","Mumbai"
2214,"Customer 2214","Bronze","Delhi"
2215,"Customer 2215","Gold","Pune"
2216,"Customer 2216","Silver","Bengaluru"
2217,"Customer 2217","Bronze","Mumbai"
2218,"Customer 2218","Gold","Delhi"
2219,"Customer 2219","Silver","Pune"
2220,"Customer 2220","Bronze","Bengaluru"
2221,"Customer 2221","Gold","Mumbai"
2222,"Customer 2222","Silver","Delhi"
2223,"Customer 2223","Bronze","Pune"
2224,"Customer 2224","Gold","Bengaluru"
2225,"Customer 2225","Silver","Mumbai"
2226,"Customer 2226","Bronze","Delhi"
2227,"Customer 2227","Gold","Pune"
2228,"Customer 2228","Silver","Bengaluru"
2229,"Customer 2229","Bronze","Mumbai"
2230,"Customer 2230","Gold","Delhi"
2231,"Customer 2231","Silver","Pune"
2232,"Customer 2232","Bronze","Bengaluru"
2233,"Customer 2233","Gold","Mumbai"
2234,"Customer 2234","Silver","Delhi"
2235,"Customer 2235","Bronze","Pune"
2236,"Customer 2236","Gold","Bengaluru"
2237,"Customer 2237","Silver","Mumbai"
2238,"Customer 2238","Bronze","Delhi"
2239,"Customer 2239","Gold","Pune"
2240,"Customer 2240","Silver","Bengaluru"
2241,"Customer 2241","Bronze","Mumbai"
2242,"Customer 2242","Gold","Delhi"
2243,"Customer 2243","Silver","Pune"
2244,"Customer 2244","Bronze","Bengaluru"
2245,"Customer 2245","Gold","Mumbai"
2246,"Customer 2246","Silver","Delhi"
2247,"Customer 2247","Bronze","Pune"
2248,"Customer 2248","Gold","Bengaluru"
2249,"Customer 2249","Silver","Mumbai"
2250,"Customer 2250","Bronze","Delhi"
2251,"Customer 2251","Gold","Pune"
2252,"Customer 2252","Silver","Bengaluru"
2253,"Customer 2253","Bronze","Mumbai"
2254,"Customer 2254","Gold","Delhi"
2255,"Customer 2255","Silver","Pune"
2256,"Customer 2256","Bronze","Bengaluru"
2257,"Customer 2257","Gold","Mumbai"
2258,"Customer 2258","Silver","Delhi"
2259,"Customer 2259","Bronze","Pune"
2260,"Customer 2260","Gold","Bengaluru"
2261,"Customer 2261","Silver","Mumbai"
2262,"Customer 2262","Bronze","Delhi"
2263,"Customer 2263","Gold","Pune"
2264,"Customer 2264","Silver","Bengaluru"
2265,"Customer 2265","Bronze","Mumbai"
2266,"Customer 2266","Gold","Delhi"
2267,"Customer 2267","Silver","Pune"
2268,"Customer 2268","Bronze","Bengaluru"
2269,"Customer 2269","Gold","Mumbai"
2270,"Customer 2270","Silver","Delhi"
2271,"Customer 2271","Bronze","Pune"
2272,"Customer 2272","Gold","Bengaluru"
2273,"Customer 2273","Silver","Mumbai"
2274,"Customer 2274","Bronze","Delhi"
2275,"Customer 2275","Gold","Pune"
2276,"Customer 2276","Silver","Bengaluru"
2277,"Customer 2277","Bronze","Mumbai"
2278,"Customer 2278","Gold","Delhi"
2279,"Customer 2279","Silver","Pune"
2280,"Customer 2280","Bronze","Bengaluru"
2281,"Customer 2281","Gold","Mumbai"
2282,"Customer 2282","Silver","Delhi"
2283,"Customer 2283","Bronze","Pune"
2284,"Customer 2284","Gold","Bengaluru"
2285,"Customer 2285","Silver","Mumbai"
2286,"Customer 2286","Bronze","Delhi"
2287,"Customer 2287","Gold","Pune"
2288,"Customer 2288","Silver","Bengaluru"
2289,"Customer 2289","Bronze","Mumbai"
2290,"Customer 2290","Gold","Delhi"
2291,"Customer 2291","Silver","Pune"
2292,"Customer 2292","Bronze","Bengaluru"
2293,"Customer 2293","Gold","Mumbai"
2294,"Customer 2294","Silver","Delhi"
2295,"Customer 2295","Bronze","Pune"
2296,"Customer 2296","Gold","Bengaluru"
2297,"Customer 2297","Silver","Mumbai"
2298,"Customer 2298","Bronze","Delhi"
2299,"Customer 2299","Gold","Pune"
2300,"Customer 2300","Silver","Bengaluru"
2301,"Customer 2301","Bronze","Mumbai"
2302,"Customer 2302","Gold","Delhi"
2303,"Customer 2303","Silver","Pune"
2304,"Customer 2304","Bronze","Bengaluru"
2305,"Customer 2305","Gold","Mumbai"
2306,"Customer 2306","Silver","Delhi"
2307,"Customer 2307","Bronze","Pune"
2308,"Customer 2308","Gold","Bengaluru"
2309,"Customer 2309","Silver","Mumbai"
2310,"Customer 2310","Bronze","Delhi"
2311,"Customer 2311","Gold","Pune"
2312,"Customer 2312","Silver","Bengaluru"
2313,"Customer 2313","Bronze","Mumbai"
2314,"Customer 2314","Gold","Delhi"
2315,"Customer 2315","Silver","Pune"
2316,"Customer 2316","Bronze","Bengaluru"
2317,"Customer 2317","Gold","Mumbai"
2318,"Customer 2318","Silver","Delhi"
2319,"Customer 2319","Bronze","Pune"
2320,"Customer 2320","Gold","Bengaluru"
2321,"Customer 2321","Silver","Mumbai"
2322,"Customer 2322","Bronze","Delhi"
2323,"Customer 2323","Gold","Pune"
2324,"Customer 2324","Silver","Bengaluru"
2325,"Customer 2325","Bronze","Mumbai"
2326,"Customer 2326","Gold","Delhi"
2327,"Customer 2327","Silver","Pune"
2328,"Customer 2328","Bronze","Bengaluru"
2329,"Customer 2329","Gold","Mumbai"
2330,"Customer 2330","Silver","Delhi"
2331,"Customer 2331","Bronze","Pune"
2332,"Customer 2332","Gold","Bengaluru"
2333,"Customer 2333","Silver","Mumbai"
2334,"Customer 2334","Bronze","Delhi"
2335,"Customer 2335","Gold","Pune"
2336,"Customer 2336","Silver","Bengaluru"
2337,"Customer 2337","Bronze","Mumbai"
2338,"Customer 2338","Gold","Delhi"
2339,"Customer 2339","Silver","Pune"
2340,"Customer 2340","Bronze","Bengaluru"
2341,"Customer 2341","Gold","Mumbai"
2342,"Customer 2342","Silver","Delhi"
2343,"Customer 2343","Bronze","Pune"
2344,"Customer 2344","Gold","Bengaluru"
2345,"Customer 2345","Silver","Mumbai"
2346,"Customer 2346","Bronze","Delhi"
2347,"Customer 2347","Gold","Pune"
2348,"Customer 2348","Silver","Bengaluru"
2349,"Customer 2349","Bronze","Mumbai"
2350,"Customer 2350","Gold","Delhi"
2351,"Customer 2351","Silver","Pune"
2352,"Customer 2352","Bronze","Bengaluru"
2353,"Customer 2353","Gold","Mumbai"
2354,"Customer 2354","Silver","Delhi"
2355,"Customer 2355","Bronze","Pune"
2356,"Customer 2356","Gold","Bengaluru"
2357,"Customer 2357","Silver","Mumbai"
2358,"Customer 2358","Bronze","Delhi"
2359,"Customer 2359","Gold","Pune"
2360,"Customer 2360","Silver","Bengaluru"
2361,"Customer 2361","Bronze","Mumbai"
2362,"Customer 2362","Gold","Delhi"
2363,"Customer 2363","Silver","Pune"
2364,"Customer 2364","Bronze","Bengaluru"
2365,"Customer 2365","Gold","Mumbai"
2366,"Customer 2366","Silver","Delhi"
2367,"Customer 2367","Bronze","Pune"
2368,"Customer 2368","Gold","Bengaluru"
2369,"Customer 2369","Silver","Mumbai"
2370,"Customer 2370","Bronze","Delhi"
2371,"Customer 2371","Gold","Pune"
2372,"Customer 2372","Silver","Bengaluru"
2373,"Customer 2373","Bronze","Mumbai"
2374,"Customer 2374","Gold","Delhi"
2375,"Customer 2375","Silver","Pune"
2376,"Customer 2376","Bronze","Bengaluru"
2377,"Customer 2377","Gold","Mumbai"
2378,"Customer 2378","Silver","Delhi"
2379,"Customer 2379","Bronze","Pune"
2380,"Customer 2380","Gold","Bengaluru"
2381,"Customer 2381","Silver","Mumbai"
2382,"Customer 2382","Bronze","Delhi"
2383,"Customer 2383","Gold","Pune"
2384,"Customer 2384","Silver","Bengaluru"
2385,"Customer 2385","Bronze","Mumbai"
2386,"Customer 2386","Gold","Delhi"
2387,"Customer 2387","Silver","Pune"
2388,"Customer 2388","Bronze","Bengaluru"
2389,"Customer 2389","Gold","Mumbai"
2390,"Customer 2390","Silver","Delhi"
2391,"Customer 2391","Bronze","Pune"
2392,"Customer 2392","Gold","Bengaluru"
2393,"Customer 2393","Silver","Mumbai"
2394,"Customer 2394","Bronze","Delhi"
2395,"Customer 2395","Gold","Pune"
2396,"Customer 2396","Silver","Bengaluru"
2397,"Customer 2397","Bronze","Mumbai"
2398,"Customer 2398","Gold","Delhi"
2399,"Customer 2399","Silver","Pune"
2400,"Customer 2400","Bronze","Bengaluru"
2401,"Customer 2401","Gold","Mumbai"
2402,"Customer 2402","Silver","Delhi"
2403,"Customer 2403","Bronze","Pune"
2404,"Customer 2404","Gold","Bengaluru"
2405,"Customer 2405","Silver","Mumbai"
2406,"Customer 2406","Bronze","Delhi"
2407,"Customer 2407","Gold","Pune"
2408,"Customer 2408","Silver","Bengaluru"
2409,"Customer 2409","Bronze","Mumbai"
2410,"Customer 2410","Gold","Delhi"
2411,"Customer 2411","Silver","Pune"
2412,"Customer 2412","Bronze","Bengaluru"
2413,"Customer 2413","Gold","Mumbai"
2414,"Customer 2414","Silver","Delhi"
2415,"Customer 2415","Bronze","Pune"
2416,"Customer 2416","Gold","Bengaluru"
2417,"Customer 2417","Silver","Mumbai"
2418,"Customer 2418","Bronze","Delhi"
2419,"Customer 2419","Gold","Pune"
2420,"Customer 2420","Silver","Bengaluru"
2421,"Customer 2421","Bronze","Mumbai"
2422,"Customer 2422","Gold","Delhi"
2423,"Customer 2423","Silver","Pune"
2424,"Customer 2424","Bronze","Bengaluru"
2425,"Customer 2425","Gold","Mumbai"
2426,"Customer 2426","Silver","Delhi"
2427,"Customer 2427","Bronze","Pune"
2428,"Customer 2428","Gold","Bengaluru"
2429,"Customer 2429","Silver","Mumbai"
2430,"Customer 2430","Bronze","Delhi"
2431,"Customer 2431","Gold","Pune"
2432,"Customer 2432","Silver","Bengaluru"
2433,"Customer 2433","Bronze","Mumbai"
2434,"Customer 2434","Gold","Delhi"
2435,"Customer 2435","Silver","Pune"
2436,"Customer 2436","Bronze","Bengaluru"
2437,"Customer 2437","Gold","Mumbai"
2438,"Customer 2438","Silver","Delhi"
2439,"Customer 2439","Bronze","Pune"
2440,"Customer 2440","Gold","Bengaluru"
2441,"Customer 2441","Silver","Mumbai"
2442,"Customer 2442","Bronze","Delhi"
2443,"Customer 2443","Gold","Pune"
2444,"Customer 2444","Silver","Bengaluru"
2445,"Customer 2445","Bronze","Mumbai"
2446,"Customer 2446","Gold","Delhi"
2447,"Customer 2447","Silver","Pune"
2448,"Customer 2448","Bronze","Bengaluru"
2449,"Customer 2449","Gold","Mumbai"
2450,"Customer 2450","Silver","Delhi"
2451,"Customer 2451","Bronze","Pune"
2452,"Customer 2452","Gold","Bengaluru"
2453,"Customer 2453","Silver","Mumbai"
2454,"Customer 2454","Bronze","Delhi"
2455,"Customer 2455","Gold","Pune"
2456,"Customer 2456","Silver","Bengaluru"
2457,"Customer 2457","Bronze","Mumbai"
2458,"Customer 2458","Gold","Delhi"
2459,"Customer 2459","Silver","Pune"
2460,"Customer 2460","Bronze","Bengaluru"
2461,"Customer 2461","Gold","Mumbai"
2462,"Customer 2462","Silver","Delhi"
2463,"Customer 2463","Bronze","Pune"
2464,"Customer 2464","Gold","Bengaluru"
2465,"Customer 2465","Silver","Mumbai"
2466,"Customer 2466","Bronze","Delhi"
2467,"Customer 2467","Gold","Pune"
2468,"Customer 2468","Silver","Bengaluru"
2469,"Customer 2469","Bronze","Mumbai"
2470,"Customer 2470","Gold","Delhi"
2471,"Customer 2471","Silver","Pune"
2472,"Customer 2472","Bronze","Bengaluru"
2473,"Customer 2473","Gold","Mumbai"
2474,"Customer 2474","Silver","Delhi"
2475,"Customer 2475","Bronze","Pune"
2476,"Customer 2476","Gold","Bengaluru"
2477,"Customer 2477","Silver","Mumbai"
2478,"Customer 2478","Bronze","Delhi"
2479,"Customer 2479","Gold","Pune"
2480,"Customer 2480","Silver","Bengaluru"
2481,"Customer 2481","Bronze","Mumbai"
2482,"Customer 2482","Gold","Delhi"
2483,"Customer 2483","Silver","Pune"
2484,"Customer 2484","Bronze","Bengaluru"
2485,"Customer 2485","Gold","Mumbai"
2486,"Customer 2486","Silver","Delhi"
2487,"Customer 2487","Bronze","Pune"
2488,"Customer 2488","Gold","Bengaluru"
2489,"Customer 2489","Silver","Mumbai"
2490,"Customer 2490","Bronze","Delhi"
2491,"Customer 2491","Gold","Pune"
2492,"Customer 2492","Silver","Bengaluru"
2493,"Customer 2493","Bronze","Mumbai"
2494,"Customer 2494","Gold","Delhi"
2495,"Customer 2495","Silver","Pune"
2496,"Customer 2496","Bronze","Bengaluru"
2497,"Customer 2497","Gold","Mumbai"
2498,"Customer 2498","Silver","Delhi"
2499,"Customer 2499","Bronze","Pune"
2500,"Customer 2500","Gold","Bengaluru"
2501,"Customer 2501","Silver","Mumbai"
2502,"Customer 2502","Bronze","Delhi"
2503,"Customer 2503","Gold","Pune"
2504,"Customer 2504","Silver","Bengaluru"
2505,"Customer 2505","Bronze","Mumbai"
2506,"Customer 2506","Gold","Delhi"
2507,"Customer 2507","Silver","Pune"
2508,"Customer 2508","Bronze","Bengaluru"
2509,"Customer 2509","Gold","Mumbai"
2510,"Customer 2510","Silver","Delhi"
2511,"Customer 2511","Bronze","Pune"
2512,"Customer 2512","Gold","Bengaluru"
2513,"Customer 2513","Silver","Mumbai"
2514,"Customer 2514","Bronze","Delhi"
2515,"Customer 2515","Gold","Pune"
2516,"Customer 2516","Silver","Bengaluru"
2517,"Customer 2517","Bronze","Mumbai"
2518,"Customer 2518","Gold","Delhi"
2519,"Customer 2519","Silver","Pune"
2520,"Customer 2520","Bronze","Bengaluru"
2521,"Customer 2521","Gold","Mumbai"
2522,"Customer 2522","Silver","Delhi"
2523,"Customer 2523","Bronze","Pune"
2524,"Customer 2524","Gold","Bengaluru"
2525,"Customer 2525","Silver","Mumbai"
2526,"Customer 2526","Bronze","Delhi"
2527,"Customer 2527","Gold","Pune"
2528,"Customer 2528","Silver","Bengaluru"
2529,"Customer 2529","Bronze","Mumbai"
2530,"Customer 2530","Gold","Delhi"
2531,"Customer 2531","Silver","Pune"
2532,"Customer 2532","Bronze","Bengaluru"
2533,"Customer 2533","Gold","Mumbai"
2534,"Customer 2534","Silver","Delhi"
2535,"Customer 2535","Bronze","Pune"
2536,"Customer 2536","Gold","Bengaluru"
2537,"Customer 2537","Silver","Mumbai"
2538,"Customer 2538","Bronze","Delhi"
2539,"Customer 2539","Gold","Pune"
2540,"Customer 2540","Silver","Bengaluru"
2541,"Customer 2541","Bronze","Mumbai"
2542,"Customer 2542","Gold","Delhi"
2543,"Customer 2543","Silver","Pune"
2544,"Customer 2544","Bronze","Bengaluru"
2545,"Customer 2545","Gold","Mumbai"
2546,"Customer 2546","Silver","Delhi"
2547,"Customer 2547","Bronze","Pune"
2548,"Customer 2548","Gold","Bengaluru"
2549,"Customer 2549","Silver","Mumbai"
2550,"Customer 2550","Bronze","Delhi"
2551,"Customer 2551","Gold","Pune"
2552,"Customer 2552","Silver","Bengaluru"
2553,"Customer 2553","Bronze","Mumbai"
2554,"Customer 2554","Gold","Delhi"
2555,"Customer 2555","Silver","Pune"
2556,"Customer 2556","Bronze","Bengaluru"
2557,"Customer 2557","Gold","Mumbai"
2558,"Customer 2558","Silver","Delhi"
2559,"Customer 2559","Bronze","Pune"
2560,"Customer 2560","Gold","Bengaluru"
2561,"Customer 2561","Silver","Mumbai"
2562,"Customer 2562","Bronze","Delhi"
2563,"Customer 2563","Gold","Pune"
2564,"Customer 2564","Silver","Bengaluru"
2565,"Customer 2565","Bronze","Mumbai"
2566,"Customer 2566","Gold","Delhi"
2567,"Customer 2567","Silver","Pune"
2568,"Customer 2568","Bronze","Bengaluru"
2569,"Customer 2569","Gold","Mumbai"
2570,"Customer 2570","Silver","Delhi"
2571,"Customer 2571","Bronze","Pune"
2572,"Customer 2572","Gold","Bengaluru"
2573,"Customer 2573","Silver","Mumbai"
2574,"Customer 2574","Bronze","Delhi"
2575,"Customer 2575","Gold","Pune"
2576,"Customer 2576","Silver","Bengaluru"
2577,"Customer 2577","Bronze","Mumbai"
2578,"Customer 2578","Gold","Delhi"
2579,"Customer 2579","Silver","Pune"
2580,"Customer 2580","Bronze","Bengaluru"
2581,"Customer 2581","Gold","Mumbai"
2582,"Customer 2582","Silver","Delhi"
2583,"Customer 2583","Bronze","Pune"
2584,"Customer 2584","Gold","Bengaluru"
2585,"Customer 2585","Silver","Mumbai"
2586,"Customer 2586","Bronze","Delhi"
2587,"Customer 2587","Gold","Pune"
2588,"Customer 2588","Silver","Bengaluru"
2589,"Customer 2589","Bronze","Mumbai"
2590,"Customer 2590","Gold","Delhi"
2591,"Customer 2591","Silver","Pune"
2592,"Customer 2592","Bronze","Bengaluru"
2593,"Customer 2593","Gold","Mumbai"
2594,"Customer 2594","Silver","Delhi"
2595,"Customer 2595","Bronze","Pune"
2596,"Customer 2596","Gold","Bengaluru"
2597,"Customer 2597","Silver","Mumbai"
2598,"Customer 2598","Bronze","Delhi"
2599,"Customer 2599","Gold","Pune"
2600,"Customer 2600","Silver","Bengaluru"
2601,"Customer 2601","Bronze","Mumbai"
2602,"Customer 2602","Gold","Delhi"
2603,"Customer 2603","Silver","Pune"
2604,"Customer 2604","Bronze","Bengaluru"
2605,"Customer 2605","Gold","Mumbai"
2606,"Customer 2606","Silver","Delhi"
2607,"Customer 2607","Bronze","Pune"
2608,"Customer 2608","Gold","Bengaluru"
2609,"Customer 2609","Silver","Mumbai"
2610,"Customer 2610","Bronze","Delhi"
2611,"Customer 2611","Gold","Pune"
2612,"Customer 2612","Silver","Bengaluru"
2613,"Customer 2613","Bronze","Mumbai"
2614,"Customer 2614","Gold","Delhi"
2615,"Customer 2615","Silver","Pune"
2616,"Customer 2616","Bronze","Bengaluru"
2617,"Customer 2617","Gold","Mumbai"
2618,"Customer 2618","Silver","Delhi"
2619,"Customer 2619","Bronze","Pune"
2620,"Customer 2620","Gold","Bengaluru"
2621,"Customer 2621","Silver","Mumbai"
2622,"Customer 2622","Bronze","Delhi"
2623,"Customer 2623","Gold","Pune"
2624,"Customer 2624","Silver","Bengaluru"
2625,"Customer 2625","Bronze","Mumbai"
2626,"Customer 2626","Gold","Delhi"
2627,"Customer 2627","Silver","Pune"
2628,"Customer 2628","Bronze","Bengaluru"
2629,"Customer 2629","Gold","Mumbai"
2630,"Customer 2630","Silver","Delhi"
2631,"Customer 2631","Bronze","Pune"
2632,"Customer 2632","Gold","Bengaluru"
2633,"Customer 2633","Silver","Mumbai"
2634,"Customer 2634","Bronze","Delhi"
2635,"Customer 2635","Gold","Pune"
2636,"Customer 2636","Silver","Bengaluru"
2637,"Customer 2637","Bronze","Mumbai"
2638,"Customer 2638","Gold","Delhi"
2639,"Customer 2639","Silver","Pune"
2640,"Customer 2640","Bronze","Bengaluru"
2641,"Customer 2641","Gold","Mumbai"
2642,"Customer 2642","Silver","Delhi"
2643,"Customer 2643","Bronze","Pune"
2644,"Customer 2644","Gold","Bengaluru"
2645,"Customer 2645","Silver","Mumbai"
2646,"Customer 2646","Bronze","Delhi"
2647,"Customer 2647","Gold","Pune"
2648,"Customer 2648","Silver","Bengaluru"
2649,"Customer 2649","Bronze","Mumbai"
2650,"Customer 2650","Gold","Delhi"
2651,"Customer 2651","Silver","Pune"
2652,"Customer 2652","Bronze","Bengaluru"
2653,"Customer 2653","Gold","Mumbai"
2654,"Customer 2654","Silver","Delhi"
2655,"Customer 2655","Bronze","Pune"
2656,"Customer 2656","Gold","Bengaluru"
2657,"Customer 2657","Silver","Mumbai"
2658,"Customer 2658","Bronze","Delhi"
2659,"Customer 2659","Gold","Pune"
2660,"Customer 2660","Silver","Bengaluru"
2661,"Customer 2661","Bronze","Mumbai"
2662,"Customer 2662","Gold","Delhi"
2663,"Customer 2663","Silver","Pune"
2664,"Customer 2664","Bronze","Bengaluru"
2665,"Customer 2665","Gold","Mumbai"
2666,"Customer 2666","Silver","Delhi"
2667,"Customer 2667","Bronze","Pune"
2668,"Customer 2668","Gold","Bengaluru"
2669,"Customer 2669","Silver","Mumbai"
2670,"Customer 2670","Bronze","Delhi"
2671,"Customer 2671","Gold","Pune"
2672,"Customer 2672","Silver","Bengaluru"
2673,"Customer 2673","Bronze","Mumbai"
2674,"Customer 2674","Gold","Delhi"
2675,"Customer 2675","Silver","Pune"
2676,"Customer 2676","Bronze","Bengaluru"
2677,"Customer 2677","Gold","Mumbai"
2678,"Customer 2678","Silver","Delhi"
2679,"Customer 2679","Bronze","Pune"
2680,"Customer 2680","Gold","Bengaluru"
2681,"Customer 2681","Silver","Mumbai"
2682,"Customer 2682","Bronze","Delhi"
2683,"Customer 2683","Gold","Pune"
2684,"Customer 2684","Silver","Bengaluru"
2685,"Customer 2685","Bronze","Mumbai"
2686,"Customer 2686","Gold","Delhi"
2687,"Customer 2687","Silver","Pune"
2688,"Customer 2688","Bronze","Bengaluru"
2689,"Customer 2689","Gold","Mumbai"
2690,"Customer 2690","Silver","Delhi"
2691,"Customer 2691","Bronze","Pune"
2692,"Customer 2692","Gold","Bengaluru"
2693,"Customer 2693","Silver","Mumbai"
2694,"Customer 2694","Bronze","Delhi"
2695,"Customer 2695","Gold","Pune"
2696,"Customer 2696","Silver","Bengaluru"
2697,"Customer 2697","Bronze","Mumbai"
2698,"Customer 2698","Gold","Delhi"
2699,"Customer 2699","Silver","Pune"
2700,"Customer 2700","Bronze","Bengaluru"
2701,"Customer 2701","Gold","Mumbai"
2702,"Customer 2702","Silver","Delhi"
2703,"Customer 2703","Bronze","Pune"
2704,"Customer 2704","Gold","Bengaluru"
2705,"Customer 2705","Silver","Mumbai"
2706,"Customer 2706","Bronze","Delhi"
2707,"Customer 2707","Gold","Pune"
2708,"Customer 2708","Silver","Bengaluru"
2709,"Customer 2709","Bronze","Mumbai"
2710,"Customer 2710","Gold","Delhi"
2711,"Customer 2711","Silver","Pune"
2712,"Customer 2712","Bronze","Bengaluru"
2713,"Customer 2713","Gold","Mumbai"
2714,"Customer 2714","Silver","Delhi"
2715,"Customer 2715","Bronze","Pune"
2716,"Customer 2716","Gold","Bengaluru"
2717,"Customer 2717","Silver","Mumbai"
2718,"Customer 2718","Bronze","Delhi"
2719,"Customer 2719","Gold","Pune"
2720,"Customer 2720","Silver","Bengaluru"
2721,"Customer 2721","Bronze","Mumbai"
2722,"Customer 2722","Gold","Delhi"
2723,"Customer 2723","Silver","Pune"
2724,"Customer 2724","Bronze","Bengaluru"
2725,"Customer 2725","Gold","Mumbai"
2726,"Customer 2726","Silver","Delhi"
2727,"Customer 2727","Bronze","Pune"
2728,"Customer 2728","Gold","Bengaluru"
2729,"Customer 2729","Silver","Mumbai"
2730,"Customer 2730","Bronze","Delhi"
2731,"Customer 2731","Gold","Pune"
2732,"Customer 2732","Silver","Bengaluru"
2733,"Customer 2733","Bronze","Mumbai"
2734,"Customer 2734","Gold","Delhi"
2735,"Customer 2735","Silver","Pune"
2736,"Customer 2736","Bronze","Bengaluru"
2737,"Customer 2737","Gold","Mumbai"
2738,"Customer 2738","Silver","Delhi"
2739,"Customer 2739","Bronze","Pune"
2740,"Customer 2740","Gold","Bengaluru"
2741,"Customer 2741","Silver","Mumbai"
2742,"Customer 2742","Bronze","Delhi"
2743,"Customer 2743","Gold","Pune"
2744,"Customer 2744","Silver","Bengaluru"
2745,"Customer 2745","Bronze","Mumbai"
2746,"Customer 2746","Gold","Delhi"
2747,"Customer 2747","Silver","Pune"
2748,"Customer 2748","Bronze","Bengaluru"
2749,"Customer 2749","Gold","Mumbai"
2750,"Customer 2750","Silver","Delhi"
2751,"Customer 2751","Bronze","Pune"
2752,"Customer 2752","Gold","Bengaluru"
2753,"Customer 2753","Silver","Mumbai"
2754,"Customer 2754","Bronze","Delhi"
2755,"Customer 2755","Gold","Pune"
2756,"Customer 2756","Silver","Bengaluru"
2757,"Customer 2757","Bronze","Mumbai"
2758,"Customer 2758","Gold","Delhi"
2759,"Customer 2759","Silver","Pune"
2760,"Customer 2760","Bronze","Bengaluru"
2761,"Customer 2761","Gold","Mumbai"
2762,"Customer 2762","Silver","Delhi"
2763,"Customer 2763","Bronze","Pune"
2764,"Customer 2764","Gold","Bengaluru"
2765,"Customer 2765","Silver","Mumbai"
2766,"Customer 2766","Bronze","Delhi"
2767,"Customer 2767","Gold","Pune"
2768,"Customer 2768","Silver","Bengaluru"
2769,"Customer 2769","Bronze","Mumbai"
2770,"Customer 2770","Gold","Delhi"
2771,"Customer 2771","Silver","Pune"
2772,"Customer 2772","Bronze","Bengaluru"
2773,"Customer 2773","Gold","Mumbai"
2774,"Customer 2774","Silver","Delhi"
2775,"Customer 2775","Bronze","Pune"
2776,"Customer 2776","Gold","Bengaluru"
2777,"Customer 2777","Silver","Mumbai"
2778,"Customer 2778","Bronze","Delhi"
2779,"Customer 2779","Gold","Pune"
2780,"Customer 2780","Silver","Bengaluru"
2781,"Customer 2781","Bronze","Mumbai"
2782,"Customer 2782","Gold","Delhi"
2783,"Customer 2783","Silver","Pune"
2784,"Customer 2784","Bronze","Bengaluru"
2785,"Customer 2785","Gold","Mumbai"
2786,"Customer 2786","Silver","Delhi"
2787,"Customer 2787","Bronze","Pune"
2788,"Customer 2788","Gold","Bengaluru"
2789,"Customer 2789","Silver","Mumbai"
2790,"Customer 2790","Bronze","Delhi"
2791,"Customer 2791","Gold","Pune"
2792,"Customer 2792","Silver","Bengaluru"
2793,"Customer 2793","Bronze","Mumbai"
2794,"Customer 2794","Gold","Delhi"
2795,"Customer 2795","Silver","Pune"
2796,"Customer 2796","Bronze","Bengaluru"
2797,"Customer 2797","Gold","Mumbai"
2798,"Customer 2798","Silver","Delhi"
2799,"Customer 2799","Bronze","Pune"
2800,"Customer 2800","Gold","Bengaluru"
2801,"Customer 2801","Silver","Mumbai"
2802,"Customer 2802","Bronze","Delhi"
2803,"Customer 2803","Gold","Pune"
2804,"Customer 2804","Silver","Bengaluru"
2805,"Customer 2805","Bronze","Mumbai"
2806,"Customer 2806","Gold","Delhi"
2807,"Customer 2807","Silver","Pune"
2808,"Customer 2808","Bronze","Bengaluru"
2809,"Customer 2809","Gold","Mumbai"
2810,"Customer 2810","Silver","Delhi"
2811,"Customer 2811","Bronze","Pune"
2812,"Customer 2812","Gold","Bengaluru"
2813,"Customer 2813","Silver","Mumbai"
2814,"Customer 2814","Bronze","Delhi"
2815,"Customer 2815","Gold","Pune"
2816,"Customer 2816","Silver","Bengaluru"
2817,"Customer 2817","Bronze","Mumbai"
2818,"Customer 2818","Gold","Delhi"
2819,"Customer 2819","Silver","Pune"
2820,"Customer 2820","Bronze","Bengaluru"
2821,"Customer 2821","Gold","Mumbai"
2822,"Customer 2822","Silver","Delhi"
2823,"Customer 2823","Bronze","Pune"
2824,"Customer 2824","Gold","Bengaluru"
2825,"Customer 2825","Silver","Mumbai"
2826,"Customer 2826","Bronze","Delhi"
2827,"Customer 2827","Gold","Pune"
2828,"Customer 2828","Silver","Bengaluru"
2829,"Customer 2829","Bronze","Mumbai"
2830,"Customer 2830","Gold","Delhi"
2831,"Customer 2831","Silver","Pune"
2832,"Customer 2832","Bronze","Bengaluru"
2833,"Customer 2833","Gold","Mumbai"
2834,"Customer 2834","Silver","Delhi"
2835,"Customer 2835","Bronze","Pune"
2836,"Customer 2836","Gold","Bengaluru"
2837,"Customer 2837","Silver","Mumbai"
2838,"Customer 2838","Bronze","Delhi"
2839,"Customer 2839","Gold","Pune"
2840,"Customer 2840","Silver","Bengaluru"
2841,"Customer 2841","Bronze","Mumbai"
2842,"Customer 2842","Gold","Delhi"
2843,"Customer 2843","Silver","Pune"
2844,"Customer 2844","Bronze","Bengaluru"
2845,"Customer 2845","Gold","Mumbai"
2846,"Customer 2846","Silver","Delhi"
2847,"Customer 2847","Bronze","Pune"
2848,"Customer 2848","Gold","Bengaluru"
2849,"Customer 2849","Silver","Mumbai"
2850,"Customer 2850","Bronze","Delhi"
2851,"Customer 2851","Gold","Pune"
2852,"Customer 2852","Silver","Bengaluru"
2853,"Customer 2853","Bronze","Mumbai"
2854,"Customer 2854","Gold","Delhi"
2855,"Customer 2855","Silver","Pune"
2856,"Customer 2856","Bronze","Bengaluru"
2857,"Customer 2857","Gold","Mumbai"
2858,"Customer 2858","Silver","Delhi"
2859,"Customer 2859","Bronze","Pune"
2860,"Customer 2860","Gold","Bengaluru"
2861,"Customer 2861","Silver","Mumbai"
2862,"Customer 2862","Bronze","Delhi"
2863,"Customer 2863","Gold","Pune"
2864,"Customer 2864","Silver","Bengaluru"
2865,"Customer 2865","Bronze","Mumbai"
2866,"Customer 2866","Gold","Delhi"
2867,"Customer 2867","Silver","Pune"
2868,"Customer 2868","Bronze","Bengaluru"
2869,"Customer 2869","Gold","Mumbai"
2870,"Customer 2870","Silver","Delhi"
2871,"Customer 2871","Bronze","Pune"
2872,"Customer 2872","Gold","Bengaluru"
2873,"Customer 2873","Silver","Mumbai"
2874,"Customer 2874","Bronze","Delhi"
2875,"Customer 2875","Gold","Pune"
2876,"Customer 2876","Silver","Bengaluru"
2877,"Customer 2877","Bronze","Mumbai"
2878,"Customer 2878","Gold","Delhi"
2879,"Customer 2879","Silver","Pune"
2880,"Customer 2880","Bronze","Bengaluru"
2881,"Customer 2881","Gold","Mumbai"
2882,"Customer 2882","Silver","Delhi"
2883,"Customer 2883","Bronze","Pune"
2884,"Customer 2884","Gold","Bengaluru"
2885,"Customer 2885","Silver","Mumbai"
2886,"Customer 2886","Bronze","Delhi"
2887,"Customer 2887","Gold","Pune"
2888,"Customer 2888","Silver","Bengaluru"
2889,"Customer 2889","Bronze","Mumbai"
2890,"Customer 2890","Gold","Delhi"
2891,"Customer 2891","Silver","Pune"
2892,"Customer 2892","Bronze","Bengaluru"
2893,"Customer 2893","Gold","Mumbai"
2894,"Customer 2894","Silver","Delhi"
2895,"Customer 2895","Bronze","Pune"
2896,"Customer 2896","Gold","Bengaluru"
2897,"Customer 2897","Silver","Mumbai"
2898,"Customer 2898","Bronze","Delhi"
2899,"Customer 2899","Gold","Pune"
2900,"Customer 2900","Silver","Bengaluru"
2901,"Customer 2901","Bronze","Mumbai"
2902,"Customer 2902","Gold","Delhi"
2903,"Customer 2903","Silver","Pune"
2904,"Customer 2904","Bronze","Bengaluru"
2905,"Customer 2905","Gold","Mumbai"
2906,"Customer 2906","Silver","Delhi"
2907,"Customer 2907","Bronze","Pune"
2908,"Customer 2908","Gold","Bengaluru"
2909,"Customer 2909","Silver","Mumbai"
2910,"Customer 2910","Bronze","Delhi"
2911,"Customer 2911","Gold","Pune"
2912,"Customer 2912","Silver","Bengaluru"
2913,"Customer 2913","Bronze","Mumbai"
2914,"Customer 2914","Gold","Delhi"
2915,"Customer 2915","Silver","Pune"
2916,"Customer 2916","Bronze","Bengaluru"
2917,"Customer 2917","Gold","Mumbai"
2918,"Customer 2918","Silver","Delhi"
2919,"Customer 2919","Bronze","Pune"
2920,"Customer 2920","Gold","Bengaluru"
2921,"Customer 2921","Silver","Mumbai"
2922,"Customer 2922","Bronze","Delhi"
2923,"Customer 2923","Gold","Pune"
2924,"Customer 2924","Silver","Bengaluru"
2925,"Customer 2925","Bronze","Mumbai"
2926,"Customer 2926","Gold","Delhi"
2927,"Customer 2927","Silver","Pune"
2928,"Customer 2928","Bronze","Bengaluru"
2929,"Customer 2929","Gold","Mumbai"
2930,"Customer 2930","Silver","Delhi"
2931,"Customer 2931","Bronze","Pune"
2932,"Customer 2932","Gold","Bengaluru"
2933,"Customer 2933","Silver","Mumbai"
2934,"Customer 2934","Bronze","Delhi"
2935,"Customer 2935","Gold","Pune"
2936,"Customer 2936","Silver","Bengaluru"
2937,"Customer 2937","Bronze","Mumbai"
2938,"Customer 2938","Gold","Delhi"
2939,"Customer 2939","Silver","Pune"
2940,"Customer 2940","Bronze","Bengaluru"
2941,"Customer 2941","Gold","Mumbai"
2942,"Customer 2942","Silver","Delhi"
2943,"Customer 2943","Bronze","Pune"
2944,"Customer 2944","Gold","Bengaluru"
2945,"Customer 2945","Silver","Mumbai"
2946,"Customer 2946","Bronze","Delhi"
2947,"Customer 2947","Gold","Pune"
2948,"Customer 2948","Silver","Bengaluru"
2949,"Customer 2949","Bronze","Mumbai"
2950,"Customer 2950","Gold","Delhi"
2951,"Customer 2951","Silver","Pune"
2952,"Customer 2952","Bronze","Bengaluru"
2953,"Customer 2953","Gold","Mumbai"
2954,"Customer 2954","Silver","Delhi"
2955,"Customer 2955","Bronze","Pune"
2956,"Customer 2956","Gold","Bengaluru"
2957,"Customer 2957","Silver","Mumbai"
2958,"Customer 2958","Bronze","Delhi"
2959,"Customer 2959","Gold","Pune"
2960,"Customer 2960","Silver","Bengaluru"
2961,"Customer 2961","Bronze","Mumbai"
2962,"Customer 2962","Gold","Delhi"
2963,"Customer 2963","Silver","Pune"
2964,"Customer 2964","Bronze","Bengaluru"
2965,"Customer 2965","Gold","Mumbai"
2966,"Customer 2966","Silver","Delhi"
2967,"Customer 2967","Bronze","Pune"
2968,"Customer 2968","Gold","Bengaluru"
2969,"Customer 2969","Silver","Mumbai"
2970,"Customer 2970","Bronze","Delhi"
2971,"Customer 2971","Gold","Pune"
2972,"Customer 2972","Silver","Bengaluru"
2973,"Customer 2973","Bronze","Mumbai"
2974,"Customer 2974","Gold","Delhi"
2975,"Customer 2975","Silver","Pune"
2976,"Customer 2976","Bronze","Bengaluru"
2977,"Customer 2977","Gold","Mumbai"
2978,"Customer 2978","Silver","Delhi"
2979,"Customer 2979","Bronze","Pune"
2980,"Customer 2980","Gold","Bengaluru"
2981,"Customer 2981","Silver","Mumbai"
2982,"Customer 2982","Bronze","Delhi"
2983,"Customer 2983","Gold","Pune"
2984,"Customer 2984","Silver","Bengaluru"
2985,"Customer 2985","Bronze","Mumbai"
2986,"Customer 2986","Gold","Delhi"
2987,"Customer 2987","Silver","Pune"
2988,"Customer 2988","Bronze","Bengaluru"
2989,"Customer 2989","Gold","Mumbai"
2990,"Customer 2990","Silver","Delhi"
2991,"Customer 2991","Bronze","Pune"
2992,"Customer 2992","Gold","Bengaluru"
2993,"Customer 2993","Silver","Mumbai"
2994,"Customer 2994","Bronze","Delhi"
2995,"Customer 2995","Gold","Pune"
2996,"Customer 2996","Silver","Bengaluru"
2997,"Customer 2997","Bronze","Mumbai"
2998,"Customer 2998","Gold","Delhi"
2999,"Customer 2999","Silver","Pune"
3000,"Customer 3000","Bronze","Bengaluru"
3001,"Customer 3001","Gold","Mumbai"
3002,"Customer 3002","Silver","Delhi"
3003,"Customer 3003","Bronze","Pune"
3004,"Customer 3004","Gold","Bengaluru"
3005,"Customer 3005","Silver","Mumbai"
3006,"Customer 3006","Bronze","Delhi"
3007,"Customer 3007","Gold","Pune"
3008,"Customer 3008","Silver","Bengaluru"
3009,"Customer 3009","Bronze","Mumbai"
3010,"Customer 3010","Gold","Delhi"
3011,"Customer 3011","Silver","Pune"
3012,"Customer 3012","Bronze","Bengaluru"
3013,"Customer 3013","Gold","Mumbai"
3014,"Customer 3014","Silver","Delhi"
3015,"Customer 3015","Bronze","Pune"
3016,"Customer 3016","Gold","Bengaluru"
3017,"Customer 3017","Silver","Mumbai"
3018,"Customer 3018","Bronze","Delhi"
3019,"Customer 3019","Gold","Pune"
3020,"Customer 3020","Silver","Bengaluru"
3021,"Customer 3021","Bronze","Mumbai"
3022,"Customer 3022","Gold","Delhi"
3023,"Customer 3023","Silver","Pune"
3024,"Customer 3024","Bronze","Bengaluru"
3025,"Customer 3025","Gold","Mumbai"
3026,"Customer 3026","Silver","Delhi"
3027,"Customer 3027","Bronze","Pune"
3028,"Customer 3028","Gold","Bengaluru"
3029,"Customer 3029","Silver","Mumbai"
3030,"Customer 3030","Bronze","Delhi"
3031,"Customer 3031","Gold","Pune"
3032,"Customer 3032","Silver","Bengaluru"
3033,"Customer 3033","Bronze","Mumbai"
3034,"Customer 3034","Gold","Delhi"
3035,"Customer 3035","Silver","Pune"
3036,"Customer 3036","Bronze","Bengaluru"
3037,"Customer 3037","Gold","Mumbai"
3038,"Customer 3038","Silver","Delhi"
3039,"Customer 3039","Bronze","Pune"
3040,"Customer 3040","Gold","Bengaluru"
3041,"Customer 3041","Silver","Mumbai"
3042,"Customer 3042","Bronze","Delhi"
3043,"Customer 3043","Gold","Pune"
3044,"Customer 3044","Silver","Bengaluru"
3045,"Customer 3045","Bronze","Mumbai"
3046,"Customer 3046","Gold","Delhi"
3047,"Customer 3047","Silver","Pune"
3048,"Customer 3048","Bronze","Bengaluru"
3049,"Customer 3049","Gold","Mumbai"
3050,"Customer 3050","Silver","Delhi"
3051,"Customer 3051","Bronze","Pune"
3052,"Customer 3052","Gold","Bengaluru"
3053,"Customer 3053","Silver","Mumbai"
3054,"Customer 3054","Bronze","Delhi"
3055,"Customer 3055","Gold","Pune"
3056,"Customer 3056","Silver","Bengaluru"
3057,"Customer 3057","Bronze","Mumbai"
3058,"Customer 3058","Gold","Delhi"
3059,"Customer 3059","Silver","Pune"
3060,"Customer 3060","Bronze","Bengaluru"
3061,"Customer 3061","Gold","Mumbai"
3062,"Customer 3062","Silver","Delhi"
3063,"Customer 3063","Bronze","Pune"
3064,"Customer 3064","Gold","Bengaluru"
3065,"Customer 3065","Silver","Mumbai"
3066,"Customer 3066","Bronze","Delhi"
3067,"Customer 3067","Gold","Pune"
3068,"Customer 3068","Silver","Bengaluru"
3069,"Customer 3069","Bronze","Mumbai"
3070,"Customer 3070","Gold","Delhi"
3071,"Customer 3071","Silver","Pune"
3072,"Customer 3072","Bronze","Bengaluru"
3073,"Customer 3073","Gold","Mumbai"
3074,"Customer 3074","Silver","Delhi"
3075,"Customer 3075","Bronze","Pune"
3076,"Customer 3076","Gold","Bengaluru"
3077,"Customer 3077","Silver","Mumbai"
3078,"Customer 3078","Bronze","Delhi"
3079,"Customer 3079","Gold","Pune"
3080,"Customer 3080","Silver","Bengaluru"
3081,"Customer 3081","Bronze","Mumbai"
3082,"Customer 3082","Gold","Delhi"
3083,"Customer 3083","Silver","Pune"
3084,"Customer 3084","Bronze","Bengaluru"
3085,"Customer 3085","Gold","Mumbai"
3086,"Customer 3086","Silver","Delhi"
3087,"Customer 3087","Bronze","Pune"
3088,"Customer 3088","Gold","Bengaluru"
3089,"Customer 3089","Silver","Mumbai"
3090,"Customer 3090","Bronze","Delhi"
3091,"Customer 3091","Gold","Pune"
3092,"Customer 3092","Silver","Bengaluru"
3093,"Customer 3093","Bronze","Mumbai"
3094,"Customer 3094","Gold","Delhi"
3095,"Customer 3095","Silver","Pune"
3096,"Customer 3096","Bronze","Bengaluru"
3097,"Customer 3097","Gold","Mumbai"
3098,"Customer 3098","Silver","Delhi"
3099,"Customer 3099","Bronze","Pune"
3100,"Customer 3100","Gold","Bengaluru"
3101,"Customer 3101","Silver","Mumbai"
3102,"Customer 3102","Bronze","Delhi"
3103,"Customer 3103","Gold","Pune"
3104,"Customer 3104","Silver","Bengaluru"
3105,"Customer 3105","Bronze","Mumbai"
3106,"Customer 3106","Gold","Delhi"
3107,"Customer 3107","Silver","Pune"
3108,"Customer 3108","Bronze","Bengaluru"
3109,"Customer 3109","Gold","Mumbai"
3110,"Customer 3110","Silver","Delhi"
3111,"Customer 3111","Bronze","Pune"
3112,"Customer 3112","Gold","Bengaluru"
3113,"Customer 3113","Silver","Mumbai"
3114,"Customer 3114","Bronze","Delhi"
3115,"Customer 3115","Gold","Pune"
3116,"Customer 3116","Silver","Bengaluru"
3117,"Customer 3117","Bronze","Mumbai"
3118,"Customer 3118","Gold","Delhi"
3119,"Customer 3119","Silver","Pune"
3120,"Customer 3120","Bronze","Bengaluru"
3121,"Customer 3121","Gold","Mumbai"
3122,"Customer 3122","Silver","Delhi"
3123,"Customer 3123","Bronze","Pune"
3124,"Customer 3124","Gold","Bengaluru"
3125,"Customer 3125","Silver","Mumbai"
3126,"Customer 3126","Bronze","Delhi"
3127,"Customer 3127","Gold","Pune"
3128,"Customer 3128","Silver","Bengaluru"
3129,"Customer 3129","Bronze","Mumbai"
3130,"Customer 3130","Gold","Delhi"
3131,"Customer 3131","Silver","Pune"
3132,"Customer 3132","Bronze","Bengaluru"
3133,"Customer 3133","Gold","Mumbai"
3134,"Customer 3134","Silver","Delhi"
3135,"Customer 3135","Bronze","Pune"
3136,"Customer 3136","Gold","Bengaluru"
3137,"Customer 3137","Silver","Mumbai"
3138,"Customer 3138","Bronze","Delhi"
3139,"Customer 3139","Gold","Pune"
3140,"Customer 3140","Silver","Bengaluru"
3141,"Customer 3141","Bronze","Mumbai"
3142,"Customer 3142","Gold","Delhi"
3143,"Customer 3143","Silver","Pune"
3144,"Customer 3144","Bronze","Bengaluru"
3145,"Customer 3145","Gold","Mumbai"
3146,"Customer 3146","Silver","Delhi"
3147,"Customer 3147","Bronze","Pune"
3148,"Customer 3148","Gold","Bengaluru"
3149,"Customer 3149","Silver","Mumbai"
3150,"Customer 3150","Bronze","Delhi"
3151,"Customer 3151","Gold","Pune"
3152,"Customer 3152","Silver","Bengaluru"
3153,"Customer 3153","Bronze","Mumbai"
3154,"Customer 3154","Gold","Delhi"
3155,"Customer 3155","Silver","Pune"
3156,"Customer 3156","Bronze","Bengaluru"
3157,"Customer 3157","Gold","Mumbai"
3158,"Customer 3158","Silver","Delhi"
3159,"Customer 3159","Bronze","Pune"
3160,"Customer 3160","Gold","Bengaluru"
3161,"Customer 3161","Silver","Mumbai"
3162,"Customer 3162","Bronze","Delhi"
3163,"Customer 3163","Gold","Pune"
3164,"Customer 3164","Silver","Bengaluru"
3165,"Customer 3165","Bronze","Mumbai"
3166,"Customer 3166","Gold","Delhi"
3167,"Customer 3167","Silver","Pune"
3168,"Customer 3168","Bronze","Bengaluru"
3169,"Customer 3169","Gold","Mumbai"
3170,"Customer 3170","Silver","Delhi"
3171,"Customer 3171","Bronze","Pune"
3172,"Customer 3172","Gold","Bengaluru"
3173,"Customer 3173","Silver","Mumbai"
3174,"Customer 3174","Bronze","Delhi"
3175,"Customer 3175","Gold","Pune"
3176,"Customer 3176","Silver","Bengaluru"
3177,"Customer 3177","Bronze","Mumbai"
3178,"Customer 3178","Gold","Delhi"
3179,"Customer 3179","Silver","Pune"
3180,"Customer 3180","Bronze","Bengaluru"
3181,"Customer 3181","Gold","Mumbai"
3182,"Customer 3182","Silver","Delhi"
3183,"Customer 3183","Bronze","Pune"
3184,"Customer 3184","Gold","Bengaluru"
3185,"Customer 3185","Silver","Mumbai"
3186,"Customer 3186","Bronze","Delhi"
3187,"Customer 3187","Gold","Pune"
3188,"Customer 3188","Silver","Bengaluru"
3189,"Customer 3189","Bronze","Mumbai"
3190,"Customer 3190","Gold","Delhi"
3191,"Customer 3191","Silver","Pune"
3192,"Customer 3192","Bronze","Bengaluru"
3193,"Customer 3193","Gold","Mumbai"
3194,"Customer 3194","Silver","Delhi"
3195,"Customer 3195","Bronze","Pune"
3196,"Customer 3196","Gold","Bengaluru"
3197,"Customer 3197","Silver","Mumbai"
3198,"Customer 3198","Bronze","Delhi"
3199,"Customer 3199","Gold","Pune"
3200,"Customer 3200","Silver","Bengaluru"
3201,"Customer 3201","Bronze","Mumbai"
3202,"Customer 3202","Gold","Delhi"
3203,"Customer 3203","Silver","Pune"
3204,"Customer 3204","Bronze","Bengaluru"
3205,"Customer 3205","Gold","Mumbai"
3206,"Customer 3206","Silver","Delhi"
3207,"Customer 3207","Bronze","Pune"
3208,"Customer 3208","Gold","Bengaluru"
3209,"Customer 3209","Silver","Mumbai"
3210,"Customer 3210","Bronze","Delhi"
3211,"Customer 3211","Gold","Pune"
3212,"Customer 3212","Silver","Bengaluru"
3213,"Customer 3213","Bronze","Mumbai"
3214,"Customer 3214","Gold","Delhi"
3215,"Customer 3215","Silver","Pune"
3216,"Customer 3216","Bronze","Bengaluru"
3217,"Customer 3217","Gold","Mumbai"
3218,"Customer 3218","Silver","Delhi"
3219,"Customer 3219","Bronze","Pune"
3220,"Customer 3220","Gold","Bengaluru"
3221,"Customer 3221","Silver","Mumbai"
3222,"Customer 3222","Bronze","Delhi"
3223,"Customer 3223","Gold","Pune"
3224,"Customer 3224","Silver","Bengaluru"
3225,"Customer 3225","Bronze","Mumbai"
3226,"Customer 3226","Gold","Delhi"
3227,"Customer 3227","Silver","Pune"
3228,"Customer 3228","Bronze","Bengaluru"
3229,"Customer 3229","Gold","Mumbai"
3230,"Customer 3230","Silver","Delhi"
3231,"Customer 3231","Bronze","Pune"
3232,"Customer 3232","Gold","Bengaluru"
3233,"Customer 3233","Silver","Mumbai"
3234,"Customer 3234","Bronze","Delhi"
3235,"Customer 3235","Gold","Pune"
3236,"Customer 3236","Silver","Bengaluru"
3237,"Customer 3237","Bronze","Mumbai"
3238,"Customer 3238","Gold","Delhi"
3239,"Customer 3239","Silver","Pune"
3240,"Customer 3240","Bronze","Bengaluru"
3241,"Customer 3241","Gold","Mumbai"
3242,"Customer 3242","Silver","Delhi"
3243,"Customer 3243","Bronze","Pune"
3244,"Customer 3244","Gold","Bengaluru"
3245,"Customer 3245","Silver","Mumbai"
3246,"Customer 3246","Bronze","Delhi"
3247,"Customer 3247","Gold","Pune"
3248,"Customer 3248","Silver","Bengaluru"
3249,"Customer 3249","Bronze","Mumbai"
3250,"Customer 3250","Gold","Delhi"
3251,"Customer 3251","Silver","Pune"
3252,"Customer 3252","Bronze","Bengaluru"
3253,"Customer 3253","Gold","Mumbai"
3254,"Customer 3254","Silver","Delhi"
3255,"Customer 3255","Bronze","Pune"
3256,"Customer 3256","Gold","Bengaluru"
3257,"Customer 3257","Silver","Mumbai"
3258,"Customer 3258","Bronze","Delhi"
3259,"Customer 3259","Gold","Pune"
3260,"Customer 3260","Silver","Bengaluru"
3261,"Customer 3261","Bronze","Mumbai"
3262,"Customer 3262","Gold","Delhi"
3263,"Customer 3263","Silver","Pune"
3264,"Customer 3264","Bronze","Bengaluru"
3265,"Customer 3265","Gold","Mumbai"
3266,"Customer 3266","Silver","Delhi"
3267,"Customer 3267","Bronze","Pune"
3268,"Customer 3268","Gold","Bengaluru"
3269,"Customer 3269","Silver","Mumbai"
3270,"Customer 3270","Bronze","Delhi"
3271,"Customer 3271","Gold","Pune"
3272,"Customer 3272","Silver","Bengaluru"
3273,"Customer 3273","Bronze","Mumbai"
3274,"Customer 3274","Gold","Delhi"
3275,"Customer 3275","Silver","Pune"
3276,"Customer 3276","Bronze","Bengaluru"
3277,"Customer 3277","Gold","Mumbai"
3278,"Customer 3278","Silver","Delhi"
3279,"Customer 3279","Bronze","Pune"
3280,"Customer 3280","Gold","Bengaluru"
3281,"Customer 3281","Silver","Mumbai"
3282,"Customer 3282","Bronze","Delhi"
3283,"Customer 3283","Gold","Pune"
3284,"Customer 3284","Silver","Bengaluru"
3285,"Customer 3285","Bronze","Mumbai"
3286,"Customer 3286","Gold","Delhi"
3287,"Customer 3287","Silver","Pune"
3288,"Customer 3288","Bronze","Bengaluru"
3289,"Customer 3289","Gold","Mumbai"
3290,"Customer 3290","Silver","Delhi"
3291,"Customer 3291","Bronze","Pune"
3292,"Customer 3292","Gold","Bengaluru"
3293,"Customer 3293","Silver","Mumbai"
3294,"Customer 3294","Bronze","Delhi"
3295,"Customer 3295","Gold","Pune"
3296,"Customer 3296","Silver","Bengaluru"
3297,"Customer 3297","Bronze","Mumbai"
3298,"Customer 3298","Gold","Delhi"
3299,"Customer 3299","Silver","Pune"
3300,"Customer 3300","Bronze","Bengaluru"
3301,"Customer 3301","Gold","Mumbai"
3302,"Customer 3302","Silver","Delhi"
3303,"Customer 3303","Bronze","Pune"
3304,"Customer 3304","Gold","Bengaluru"
3305,"Customer 3305","Silver","Mumbai"
3306,"Customer 3306","Bronze","Delhi"
3307,"Customer 3307","Gold","Pune"
3308,"Customer 3308","Silver","Bengaluru"
3309,"Customer 3309","Bronze","Mumbai"
3310,"Customer 3310","Gold","Delhi"
3311,"Customer 3311","Silver","Pune"
3312,"Customer 3312","Bronze","Bengaluru"
3313,"Customer 3313","Gold","Mumbai"
3314,"Customer 3314","Silver","Delhi"
3315,"Customer 3315","Bronze","Pune"
3316,"Customer 3316","Gold","Bengaluru"
3317,"Customer 3317","Silver","Mumbai"
3318,"Customer 3318","Bronze","Delhi"
3319,"Customer 3319","Gold","Pune"
3320,"Customer 3320","Silver","Bengaluru"
3321,"Customer 3321","Bronze","Mumbai"
3322,"Customer 3322","Gold","Delhi"
3323,"Customer 3323","Silver","Pune"
3324,"Customer 3324","Bronze","Bengaluru"
3325,"Customer 3325","Gold","Mumbai"
3326,"Customer 3326","Silver","Delhi"
3327,"Customer 3327","Bronze","Pune"
3328,"Customer 3328","Gold","Bengaluru"
3329,"Customer 3329","Silver","Mumbai"
3330,"Customer 3330","Bronze","Delhi"
3331,"Customer 3331","Gold","Pune"
3332,"Customer 3332","Silver","Bengaluru"
3333,"Customer 3333","Bronze","Mumbai"
3334,"Customer 3334","Gold","Delhi"
3335,"Customer 3335","Silver","Pune"
3336,"Customer 3336","Bronze","Bengaluru"
3337,"Customer 3337","Gold","Mumbai"
3338,"Customer 3338","Silver","Delhi"
3339,"Customer 3339","Bronze","Pune"
3340,"Customer 3340","Gold","Bengaluru"
3341,"Customer 3341","Silver","Mumbai"
3342,"Customer 3342","Bronze","Delhi"
3343,"Customer 3343","Gold","Pune"
3344,"Customer 3344","Silver","Bengaluru"
3345,"Customer 3345","Bronze","Mumbai"
3346,"Customer 3346","Gold","Delhi"
3347,"Customer 3347","Silver","Pune"
3348,"Customer 3348","Bronze","Bengaluru"
3349,"Customer 3349","Gold","Mumbai"
3350,"Customer 3350","Silver","Delhi"
3351,"Customer 3351","Bronze","Pune"
3352,"Customer 3352","Gold","Bengaluru"
3353,"Customer 3353","Silver","Mumbai"
3354,"Customer 3354","Bronze","Delhi"
3355,"Customer 3355","Gold","Pune"
3356,"Customer 3356","Silver","Bengaluru"
3357,"Customer 3357","Bronze","Mumbai"
3358,"Customer 3358","Gold","Delhi"
3359,"Customer 3359","Silver","Pune"
3360,"Customer 3360","Bronze","Bengaluru"
3361,"Customer 3361","Gold","Mumbai"
3362,"Customer 3362","Silver","Delhi"
3363,"Customer 3363","Bronze","Pune"
3364,"Customer 3364","Gold","Bengaluru"
3365,"Customer 3365","Silver","Mumbai"
3366,"Customer 3366","Bronze","Delhi"
3367,"Customer 3367","Gold","Pune"
3368,"Customer 3368","Silver","Bengaluru"
3369,"Customer 3369","Bronze","Mumbai"
3370,"Customer 3370","Gold","Delhi"
3371,"Customer 3371","Silver","Pune"
3372,"Customer 3372","Bronze","Bengaluru"
3373,"Customer 3373","Gold","Mumbai"
3374,"Customer 3374","Silver","Delhi"
3375,"Customer 3375","Bronze","Pune"
3376,"Customer 3376","Gold","Bengaluru"
3377,"Customer 3377","Silver","Mumbai"
3378,"Customer 3378","Bronze","Delhi"
3379,"Customer 3379","Gold","Pune"
3380,"Customer 3380","Silver","Bengaluru"
3381,"Customer 3381","Bronze","Mumbai"
3382,"Customer 3382","Gold","Delhi"
3383,"Customer 3383","Silver","Pune"
3384,"Customer 3384","Bronze","Bengaluru"
3385,"Customer 3385","Gold","Mumbai"
3386,"Customer 3386","Silver","Delhi"
3387,"Customer 3387","Bronze","Pune"
3388,"Customer 3388","Gold","Bengaluru"
3389,"Customer 3389","Silver","Mumbai"
3390,"Customer 3390","Bronze","Delhi"
3391,"Customer 3391","Gold","Pune"
3392,"Customer 3392","Silver","Bengaluru"
3393,"Customer 3393","Bronze","Mumbai"
3394,"Customer 3394","Gold","Delhi"
3395,"Customer 3395","Silver","Pune"
3396,"Customer 3396","Bronze","Bengaluru"
3397,"Customer 3397","Gold","Mumbai"
3398,"Customer 3398","Silver","Delhi"
3399,"Customer 3399","Bronze","Pune"
3400,"Customer 3400","Gold","Bengaluru"
3401,"Customer 3401","Silver","Mumbai"
3402,"Customer 3402","Bronze","Delhi"
3403,"Customer 3403","Gold","Pune"
3404,"Customer 3404","Silver","Bengaluru"
3405,"Customer 3405","Bronze","Mumbai"
3406,"Customer 3406","Gold","Delhi"
3407,"Customer 3407","Silver","Pune"
3408,"Customer 3408","Bronze","Bengaluru"
3409,"Customer 3409","Gold","Mumbai"
3410,"Customer 3410","Silver","Delhi"
3411,"Customer 3411","Bronze","Pune"
3412,"Customer 3412","Gold","Bengaluru"
3413,"Customer 3413","Silver","Mumbai"
3414,"Customer 3414","Bronze","Delhi"
3415,"Customer 3415","Gold","Pune"
3416,"Customer 3416","Silver","Bengaluru"
3417,"Customer 3417","Bronze","Mumbai"
3418,"Customer 3418","Gold","Delhi"
3419,"Customer 3419","Silver","Pune"
3420,"Customer 3420","Bronze","Bengaluru"
3421,"Customer 3421","Gold","Mumbai"
3422,"Customer 3422","Silver","Delhi"
3423,"Customer 3423","Bronze","Pune"
3424,"Customer 3424","Gold","Bengaluru"
3425,"Customer 3425","Silver","Mumbai"
3426,"Customer 3426","Bronze","Delhi"
3427,"Customer 3427","Gold","Pune"
3428,"Customer 3428","Silver","Bengaluru"
3429,"Customer 3429","Bronze","Mumbai"
3430,"Customer 3430","Gold","Delhi"
3431,"Customer 3431","Silver","Pune"
3432,"Customer 3432","Bronze","Bengaluru"
3433,"Customer 3433","Gold","Mumbai"
3434,"Customer 3434","Silver","Delhi"
3435,"Customer 3435","Bronze","Pune"
3436,"Customer 3436","Gold","Bengaluru"
3437,"Customer 3437","Silver","Mumbai"
3438,"Customer 3438","Bronze","Delhi"
3439,"Customer 3439","Gold","Pune"
3440,"Customer 3440","Silver","Bengaluru"
3441,"Customer 3441","Bronze","Mumbai"
3442,"Customer 3442","Gold","Delhi"
3443,"Customer 3443","Silver","Pune"
3444,"Customer 3444","Bronze","Bengaluru"
3445,"Customer 3445","Gold","Mumbai"
3446,"Customer 3446","Silver","Delhi"
3447,"Customer 3447","Bronze","Pune"
3448,"Customer 3448","Gold","Bengaluru"
3449,"Customer 3449","Silver","Mumbai"
3450,"Customer 3450","Bronze","Delhi"
3451,"Customer 3451","Gold","Pune"
3452,"Customer 3452","Silver","Bengaluru"
3453,"Customer 3453","Bronze","Mumbai"
3454,"Customer 3454","Gold","Delhi"
3455,"Customer 3455","Silver","Pune"
3456,"Customer 3456","Bronze","Bengaluru"
3457,"Customer 3457","Gold","Mumbai"
3458,"Customer 3458","Silver","Delhi"
3459,"Customer 3459","Bronze","Pune"
3460,"Customer 3460","Gold","Bengaluru"
3461,"Customer 3461","Silver","Mumbai"
3462,"Customer 3462","Bronze","Delhi"
3463,"Customer 3463","Gold","Pune"
3464,"Customer 3464","Silver","Bengaluru"
3465,"Customer 3465","Bronze","Mumbai"
3466,"Customer 3466","Gold","Delhi"
3467,"Customer 3467","Silver","Pune"
3468,"Customer 3468","Bronze","Bengaluru"
3469,"Customer 3469","Gold","Mumbai"
3470,"Customer 3470","Silver","Delhi"
3471,"Customer 3471","Bronze","Pune"
3472,"Customer 3472","Gold","Bengaluru"
3473,"Customer 3473","Silver","Mumbai"
3474,"Customer 3474","Bronze","Delhi"
3475,"Customer 3475","Gold","Pune"
3476,"Customer 3476","Silver","Bengaluru"
3477,"Customer 3477","Bronze","Mumbai"
3478,"Customer 3478","Gold","Delhi"
3479,"Customer 3479","Silver","Pune"
3480,"Customer 3480","Bronze","Bengaluru"
3481,"Customer 3481","Gold","Mumbai"
3482,"Customer 3482","Silver","Delhi"
3483,"Customer 3483","Bronze","Pune"
3484,"Customer 3484","Gold","Bengaluru"
3485,"Customer 3485","Silver","Mumbai"
3486,"Customer 3486","Bronze","Delhi"
3487,"Customer 3487","Gold","Pune"
3488,"Customer 3488","Silver","Bengaluru"
3489,"Customer 3489","Bronze","Mumbai"
3490,"Customer 3490","Gold","Delhi"
3491,"Customer 3491","Silver","Pune"
3492,"Customer 3492","Bronze","Bengaluru"
3493,"Customer 3493","Gold","Mumbai"
3494,"Customer 3494","Silver","Delhi"
3495,"Customer 3495","Bronze","Pune"
3496,"Customer 3496","Gold","Bengaluru"
3497,"Customer 3497","Silver","Mumbai"
3498,"Customer 3498","Bronze","Delhi"
3499,"Customer 3499","Gold","Pune"
3500,"Customer 3500","Silver","Bengaluru"
3501,"Customer 3501","Bronze","Mumbai"
3502,"Customer 3502","Gold","Delhi"
3503,"Customer 3503","Silver","Pune"
3504,"Customer 3504","Bronze","Bengaluru"
3505,"Customer 3505","Gold","Mumbai"
3506,"Customer 3506","Silver","Delhi"
3507,"Customer 3507","Bronze","Pune"
3508,"Customer 3508","Gold","Bengaluru"
3509,"Customer 3509","Silver","Mumbai"
3510,"Customer 3510","Bronze","Delhi"
3511,"Customer 3511","Gold","Pune"
3512,"Customer 3512","Silver","Bengaluru"
3513,"Customer 3513","Bronze","Mumbai"
3514,"Customer 3514","Gold","Delhi"
3515,"Customer 3515","Silver","Pune"
3516,"Customer 3516","Bronze","Bengaluru"
3517,"Customer 3517","Gold","Mumbai"
3518,"Customer 3518","Silver","Delhi"
3519,"Customer 3519","Bronze","Pune"
3520,"Customer 3520","Gold","Bengaluru"
3521,"Customer 3521","Silver","Mumbai"
3522,"Customer 3522","Bronze","Delhi"
3523,"Customer 3523","Gold","Pune"
3524,"Customer 3524","Silver","Bengaluru"
3525,"Customer 3525","Bronze","Mumbai"
3526,"Customer 3526","Gold","Delhi"
3527,"Customer 3527","Silver","Pune"
3528,"Customer 3528","Bronze","Bengaluru"
3529,"Customer 3529","Gold","Mumbai"
3530,"Customer 3530","Silver","Delhi"
3531,"Customer 3531","Bronze","Pune"
3532,"Customer 3532","Gold","Bengaluru"
3533,"Customer 3533","Silver","Mumbai"
3534,"Customer 3534","Bronze","Delhi"
3535,"Customer 3535","Gold","Pune"
3536,"Customer 3536","Silver","Bengaluru"
3537,"Customer 3537","Bronze","Mumbai"
3538,"Customer 3538","Gold","Delhi"
3539,"Customer 3539","Silver","Pune"
3540,"Customer 3540","Bronze","Bengaluru"
3541,"Customer 3541","Gold","Mumbai"
3542,"Customer 3542","Silver","Delhi"
3543,"Customer 3543","Bronze","Pune"
3544,"Customer 3544","Gold","Bengaluru"
3545,"Customer 3545","Silver","Mumbai"
3546,"Customer 3546","Bronze","Delhi"
3547,"Customer 3547","Gold","Pune"
3548,"Customer 3548","Silver","Bengaluru"
3549,"Customer 3549","Bronze","Mumbai"
3550,"Customer 3550","Gold","Delhi"
3551,"Customer 3551","Silver","Pune"
3552,"Customer 3552","Bronze","Bengaluru"
3553,"Customer 3553","Gold","Mumbai"
3554,"Customer 3554","Silver","Delhi"
3555,"Customer 3555","Bronze","Pune"
3556,"Customer 3556","Gold","Bengaluru"
3557,"Customer 3557","Silver","Mumbai"
3558,"Customer 3558","Bronze","Delhi"
3559,"Customer 3559","Gold","Pune"
3560,"Customer 3560","Silver","Bengaluru"
3561,"Customer 3561","Bronze","Mumbai"
3562,"Customer 3562","Gold","Delhi"
3563,"Customer 3563","Silver","Pune"
3564,"Customer 3564","Bronze","Bengaluru"
3565,"Customer 3565","Gold","Mumbai"
3566,"Customer 3566","Silver","Delhi"
3567,"Customer 3567","Bronze","Pune"
3568,"Customer 3568","Gold","Bengaluru"
3569,"Customer 3569","Silver","Mumbai"
3570,"Customer 3570","Bronze","Delhi"
3571,"Customer 3571","Gold","Pune"
3572,"Customer 3572","Silver","Bengaluru"
3573,"Customer 3573","Bronze","Mumbai"
3574,"Customer 3574","Gold","Delhi"
3575,"Customer 3575","Silver","Pune"
3576,"Customer 3576","Bronze","Bengaluru"
3577,"Customer 3577","Gold","Mumbai"
3578,"Customer 3578","Silver","Delhi"
3579,"Customer 3579","Bronze","Pune"
3580,"Customer 3580","Gold","Bengaluru"
3581,"Customer 3581","Silver","Mumbai"
3582,"Customer 3582","Bronze","Delhi"
3583,"Customer 3583","Gold","Pune"
3584,"Customer 3584","Silver","Bengaluru"
3585,"Customer 3585","Bronze","Mumbai"
3586,"Customer 3586","Gold","Delhi"
3587,"Customer 3587","Silver","Pune"
3588,"Customer 3588","Bronze","Bengaluru"
3589,"Customer 3589","Gold","Mumbai"
3590,"Customer 3590","Silver","Delhi"
3591,"Customer 3591","Bronze","Pune"
3592,"Customer 3592","Gold","Bengaluru"
3593,"Customer 3593","Silver","Mumbai"
3594,"Customer 3594","Bronze","Delhi"
3595,"Customer 3595","Gold","Pune"
3596,"Customer 3596","Silver","Bengaluru"
3597,"Customer 3597","Bronze","Mumbai"
3598,"Customer 3598","Gold","Delhi"
3599,"Customer 3599","Silver","Pune"
3600,"Customer 3600","Bronze","Bengaluru"
3601,"Customer 3601","Gold","Mumbai"
3602,"Customer 3602","Silver","Delhi"
3603,"Customer 3603","Bronze","Pune"
3604,"Customer 3604","Gold","Bengaluru"
3605,"Customer 3605","Silver","Mumbai"
3606,"Customer 3606","Bronze","Delhi"
3607,"Customer 3607","Gold","Pune"
3608,"Customer 3608","Silver","Bengaluru"
3609,"Customer 3609","Bronze","Mumbai"
3610,"Customer 3610","Gold","Delhi"
3611,"Customer 3611","Silver","Pune"
3612,"Customer 3612","Bronze","Bengaluru"
3613,"Customer 3613","Gold","Mumbai"
3614,"Customer 3614","Silver","Delhi"
3615,"Customer 3615","Bronze","Pune"
3616,"Customer 3616","Gold","Bengaluru"
3617,"Customer 3617","Silver","Mumbai"
3618,"Customer 3618","Bronze","Delhi"
3619,"Customer 3619","Gold","Pune"
3620,"Customer 3620","Silver","Bengaluru"
3621,"Customer 3621","Bronze","Mumbai"
3622,"Customer 3622","Gold","Delhi"
3623,"Customer 3623","Silver","Pune"
3624,"Customer 3624","Bronze","Bengaluru"
3625,"Customer 3625","Gold","Mumbai"
3626,"Customer 3626","Silver","Delhi"
3627,"Customer 3627","Bronze","Pune"
3628,"Customer 3628","Gold","Bengaluru"
3629,"Customer 3629","Silver","Mumbai"
3630,"Customer 3630","Bronze","Delhi"
3631,"Customer 3631","Gold","Pune"
3632,"Customer 3632","Silver","Bengaluru"
3633,"Customer 3633","Bronze","Mumbai"
3634,"Customer 3634","Gold","Delhi"
3635,"Customer 3635","Silver","Pune"
3636,"Customer 3636","Bronze","Bengaluru"
3637,"Customer 3637","Gold","Mumbai"
3638,"Customer 3638","Silver","Delhi"
3639,"Customer 3639","Bronze","Pune"
3640,"Customer 3640","Gold","Bengaluru"
3641,"Customer 3641","Silver","Mumbai"
3642,"Customer 3642","Bronze","Delhi"
3643,"Customer 3643","Gold","Pune"
3644,"Customer 3644","Silver","Bengaluru"
3645,"Customer 3645","Bronze","Mumbai"
3646,"Customer 3646","Gold","Delhi"
3647,"Customer 3647","Silver","Pune"
3648,"Customer 3648","Bronze","Bengaluru"
3649,"Customer 3649","Gold","Mumbai"
3650,"Customer 3650","Silver","Delhi"
3651,"Customer 3651","Bronze","Pune"
3652,"Customer 3652","Gold","Bengaluru"
3653,"Customer 3653","Silver","Mumbai"
3654,"Customer 3654","Bronze","Delhi"
3655,"Customer 3655","Gold","Pune"
3656,"Customer 3656","Silver","Bengaluru"
3657,"Customer 3657","Bronze","Mumbai"
3658,"Customer 3658","Gold","Delhi"
3659,"Customer 3659","Silver","Pune"
3660,"Customer 3660","Bronze","Bengaluru"
3661,"Customer 3661","Gold","Mumbai"
3662,"Customer 3662","Silver","Delhi"
3663,"Customer 3663","Bronze","Pune"
3664,"Customer 3664","Gold","Bengaluru"
3665,"Customer 3665","Silver","Mumbai"
3666,"Customer 3666","Bronze","Delhi"
3667,"Customer 3667","Gold","Pune"
3668,"Customer 3668","Silver","Bengaluru"
3669,"Customer 3669","Bronze","Mumbai"
3670,"Customer 3670","Gold","Delhi"
3671,"Customer 3671","Silver","Pune"
3672,"Customer 3672","Bronze","Bengaluru"
3673,"Customer 3673","Gold","Mumbai"
3674,"Customer 3674","Silver","Delhi"
3675,"Customer 3675","Bronze","Pune"
3676,"Customer 3676","Gold","Bengaluru"
3677,"Customer 3677","Silver","Mumbai"
3678,"Customer 3678","Bronze","Delhi"
3679,"Customer 3679","Gold","Pune"
3680,"Customer 3680","Silver","Bengaluru"
3681,"Customer 3681","Bronze","Mumbai"
3682,"Customer 3682","Gold","Delhi"
3683,"Customer 3683","Silver","Pune"
3684,"Customer 3684","Bronze","Bengaluru"
3685,"Customer 3685","Gold","Mumbai"
3686,"Customer 3686","Silver","Delhi"
3687,"Customer 3687","Bronze","Pune"
3688,"Customer 3688","Gold","Bengaluru"
3689,"Customer 3689","Silver","Mumbai"
3690,"Customer 3690","Bronze","Delhi"
3691,"Customer 3691","Gold","Pune"
3692,"Customer 3692","Silver","Bengaluru"
3693,"Customer 3693","Bronze","Mumbai"
3694,"Customer 3694","Gold","Delhi"
3695,"Customer 3695","Silver","Pune"
3696,"Customer 3696","Bronze","Bengaluru"
3697,"Customer 3697","Gold","Mumbai"
3698,"Customer 3698","Silver","Delhi"
3699,"Customer 3699","Bronze","Pune"
3700,"Customer 3700","Gold","Bengaluru"
3701,"Customer 3701","Silver","Mumbai"
3702,"Customer 3702","Bronze","Delhi"
3703,"Customer 3703","Gold","Pune"
3704,"Customer 3704","Silver","Bengaluru"
3705,"Customer 3705","Bronze","Mumbai"
3706,"Customer 3706","Gold","Delhi"
3707,"Customer 3707","Silver","Pune"
3708,"Customer 3708","Bronze","Bengaluru"
3709,"Customer 3709","Gold","Mumbai"
3710,"Customer 3710","Silver","Delhi"
3711,"Customer 3711","Bronze","Pune"
3712,"Customer 3712","Gold","Bengaluru"
3713,"Customer 3713","Silver","Mumbai"
3714,"Customer 3714","Bronze","Delhi"
3715,"Customer 3715","Gold","Pune"
3716,"Customer 3716","Silver","Bengaluru"
3717,"Customer 3717","Bronze","Mumbai"
3718,"Customer 3718","Gold","Delhi"
3719,"Customer 3719","Silver","Pune"
3720,"Customer 3720","Bronze","Bengaluru"
3721,"Customer 3721","Gold","Mumbai"
3722,"Customer 3722","Silver","Delhi"
3723,"Customer 3723","Bronze","Pune"
3724,"Customer 3724","Gold","Bengaluru"
3725,"Customer 3725","Silver","Mumbai"
3726,"Customer 3726","Bronze","Delhi"
3727,"Customer 3727","Gold","Pune"
3728,"Customer 3728","Silver","Bengaluru"
3729,"Customer 3729","Bronze","Mumbai"
3730,"Customer 3730","Gold","Delhi"
3731,"Customer 3731","Silver","Pune"
3732,"Customer 3732","Bronze","Bengaluru"
3733,"Customer 3733","Gold","Mumbai"
3734,"Customer 3734","Silver","Delhi"
3735,"Customer 3735","Bronze","Pune"
3736,"Customer 3736","Gold","Bengaluru"
3737,"Customer 3737","Silver","Mumbai"
3738,"Customer 3738","Bronze","Delhi"
3739,"Customer 3739","Gold","Pune"
3740,"Customer 3740","Silver","Bengaluru"
3741,"Customer 3741","Bronze","Mumbai"
3742,"Customer 3742","Gold","Delhi"
3743,"Customer 3743","Silver","Pune"
3744,"Customer 3744","Bronze","Bengaluru"
3745,"Customer 3745","Gold","Mumbai"
3746,"Customer 3746","Silver","Delhi"
3747,"Customer 3747","Bronze","Pune"
3748,"Customer 3748","Gold","Bengaluru"
3749,"Customer 3749","Silver","Mumbai"
3750,"Customer 3750","Bronze","Delhi"
3751,"Customer 3751","Gold","Pune"
3752,"Customer 3752","Silver","Bengaluru"
3753,"Customer 3753","Bronze","Mumbai"
3754,"Customer 3754","Gold","Delhi"
3755,"Customer 3755","Silver","Pune"
3756,"Customer 3756","Bronze","Bengaluru"
3757,"Customer 3757","Gold","Mumbai"
3758,"Customer 3758","Silver","Delhi"
3759,"Customer 3759","Bronze","Pune"
3760,"Customer 3760","Gold","Bengaluru"
3761,"Customer 3761","Silver","Mumbai"
3762,"Customer 3762","Bronze","Delhi"
3763,"Customer 3763","Gold","Pune"
3764,"Customer 3764","Silver","Bengaluru"
3765,"Customer 3765","Bronze","Mumbai"
3766,"Customer 3766","Gold","Delhi"
3767,"Customer 3767","Silver","Pune"
3768,"Customer 3768","Bronze","Bengaluru"
3769,"Customer 3769","Gold","Mumbai"
3770,"Customer 3770","Silver","Delhi"
3771,"Customer 3771","Bronze","Pune"
3772,"Customer 3772","Gold","Bengaluru"
3773,"Customer 3773","Silver","Mumbai"
3774,"Customer 3774","Bronze","Delhi"
3775,"Customer 3775","Gold","Pune"
3776,"Customer 3776","Silver","Bengaluru"
3777,"Customer 3777","Bronze","Mumbai"
3778,"Customer 3778","Gold","Delhi"
3779,"Customer 3779","Silver","Pune"
3780,"Customer 3780","Bronze","Bengaluru"
3781,"Customer 3781","Gold","Mumbai"
3782,"Customer 3782","Silver","Delhi"
3783,"Customer 3783","Bronze","Pune"
3784,"Customer 3784","Gold","Bengaluru"
3785,"Customer 3785","Silver","Mumbai"
3786,"Customer 3786","Bronze","Delhi"
3787,"Customer 3787","Gold","Pune"
3788,"Customer 3788","Silver","Bengaluru"
3789,"Customer 3789","Bronze","Mumbai"
3790,"Customer 3790","Gold","Delhi"
3791,"Customer 3791","Silver","Pune"
3792,"Customer 3792","Bronze","Bengaluru"
3793,"Customer 3793","Gold","Mumbai"
3794,"Customer 3794","Silver","Delhi"
3795,"Customer 3795","Bronze","Pune"
3796,"Customer 3796","Gold","Bengaluru"
3797,"Customer 3797","Silver","Mumbai"
3798,"Customer 3798","Bronze","Delhi"
3799,"Customer 3799","Gold","Pune"
3800,"Customer 3800","Silver","Bengaluru"
3801,"Customer 3801","Bronze","Mumbai"
3802,"Customer 3802","Gold","Delhi"
3803,"Customer 3803","Silver","Pune"
3804,"Customer 3804","Bronze","Bengaluru"
3805,"Customer 3805","Gold","Mumbai"
3806,"Customer 3806","Silver","Delhi"
3807,"Customer 3807","Bronze","Pune"
3808,"Customer 3808","Gold","Bengaluru"
3809,"Customer 3809","Silver","Mumbai"
3810,"Customer 3810","Bronze","Delhi"
3811,"Customer 3811","Gold","Pune"
3812,"Customer 3812","Silver","Bengaluru"
3813,"Customer 3813","Bronze","Mumbai"
3814,"Customer 3814","Gold","Delhi"
3815,"Customer 3815","Silver","Pune"
3816,"Customer 3816","Bronze","Bengaluru"
3817,"Customer 3817","Gold","Mumbai"
3818,"Customer 3818","Silver","Delhi"
3819,"Customer 3819","Bronze","Pune"
3820,"Customer 3820","Gold","Bengaluru"
3821,"Customer 3821","Silver","Mumbai"
3822,"Customer 3822","Bronze","Delhi"
3823,"Customer 3823","Gold","Pune"
3824,"Customer 3824","Silver","Bengaluru"
3825,"Customer 3825","Bronze","Mumbai"
3826,"Customer 3826","Gold","Delhi"
3827,"Customer 3827","Silver","Pune"
3828,"Customer 3828","Bronze","Bengaluru"
3829,"Customer 3829","Gold","Mumbai"
3830,"Customer 3830","Silver","Delhi"
3831,"Customer 3831","Bronze","Pune"
3832,"Customer 3832","Gold","Bengaluru"
3833,"Customer 3833","Silver","Mumbai"
3834,"Customer 3834","Bronze","Delhi"
3835,"Customer 3835","Gold","Pune"
3836,"Customer 3836","Silver","Bengaluru"
3837,"Customer 3837","Bronze","Mumbai"
3838,"Customer 3838","Gold","Delhi"
3839,"Customer 3839","Silver","Pune"
3840,"Customer 3840","Bronze","Bengaluru"
3841,"Customer 3841","Gold","Mumbai"
3842,"Customer 3842","Silver","Delhi"
3843,"Customer 3843","Bronze","Pune"
3844,"Customer 3844","Gold","Bengaluru"
3845,"Customer 3845","Silver","Mumbai"
3846,"Customer 3846","Bronze","Delhi"
3847,"Customer 3847","Gold","Pune"
3848,"Customer 3848","Silver","Bengaluru"
3849,"Customer 3849","Bronze","Mumbai"
3850,"Customer 3850","Gold","Delhi"
3851,"Customer 3851","Silver","Pune"
3852,"Customer 3852","Bronze","Bengaluru"
3853,"Customer 3853","Gold","Mumbai"
3854,"Customer 3854","Silver","Delhi"
3855,"Customer 3855","Bronze","Pune"
3856,"Customer 3856","Gold","Bengaluru"
3857,"Customer 3857","Silver","Mumbai"
3858,"Customer 3858","Bronze","Delhi"
3859,"Customer 3859","Gold","Pune"
3860,"Customer 3860","Silver","Bengaluru"
3861,"Customer 3861","Bronze","Mumbai"
3862,"Customer 3862","Gold","Delhi"
3863,"Customer 3863","Silver","Pune"
3864,"Customer 3864","Bronze","Bengaluru"
3865,"Customer 3865","Gold","Mumbai"
3866,"Customer 3866","Silver","Delhi"
3867,"Customer 3867","Bronze","Pune"
3868,"Customer 3868","Gold","Bengaluru"
3869,"Customer 3869","Silver","Mumbai"
3870,"Customer 3870","Bronze","Delhi"
3871,"Customer 3871","Gold","Pune"
3872,"Customer 3872","Silver","Bengaluru"
3873,"Customer 3873","Bronze","Mumbai"
3874,"Customer 3874","Gold","Delhi"
3875,"Customer 3875","Silver","Pune"
3876,"Customer 3876","Bronze","Bengaluru"
3877,"Customer 3877","Gold","Mumbai"
3878,"Customer 3878","Silver","Delhi"
3879,"Customer 3879","Bronze","Pune"
3880,"Customer 3880","Gold","Bengaluru"
3881,"Customer 3881","Silver","Mumbai"
3882,"Customer 3882","Bronze","Delhi"
3883,"Customer 3883","Gold","Pune"
3884,"Customer 3884","Silver","Bengaluru"
3885,"Customer 3885","Bronze","Mumbai"
3886,"Customer 3886","Gold","Delhi"
3887,"Customer 3887","Silver","Pune"
3888,"Customer 3888","Bronze","Bengaluru"
3889,"Customer 3889","Gold","Mumbai"
3890,"Customer 3890","Silver","Delhi"
3891,"Customer 3891","Bronze","Pune"
3892,"Customer 3892","Gold","Bengaluru"
3893,"Customer 3893","Silver","Mumbai"
3894,"Customer 3894","Bronze","Delhi"
3895,"Customer 3895","Gold","Pune"
3896,"Customer 3896","Silver","Bengaluru"
3897,"Customer 3897","Bronze","Mumbai"
3898,"Customer 3898","Gold","Delhi"
3899,"Customer 3899","Silver","Pune"
3900,"Customer 3900","Bronze","Bengaluru"
3901,"Customer 3901","Gold","Mumbai"
3902,"Customer 3902","Silver","Delhi"
3903,"Customer 3903","Bronze","Pune"
3904,"Customer 3904","Gold","Bengaluru"
3905,"Customer 3905","Silver","Mumbai"
3906,"Customer 3906","Bronze","Delhi"
3907,"Customer 3907","Gold","Pune"
3908,"Customer 3908","Silver","Bengaluru"
3909,"Customer 3909","Bronze","Mumbai"
3910,"Customer 3910","Gold","Delhi"
3911,"Customer 3911","Silver","Pune"
3912,"Customer 3912","Bronze","Bengaluru"
3913,"Customer 3913","Gold","Mumbai"
3914,"Customer 3914","Silver","Delhi"
3915,"Customer 3915","Bronze","Pune"
3916,"Customer 3916","Gold","Bengaluru"
3917,"Customer 3917","Silver","Mumbai"
3918,"Customer 3918","Bronze","Delhi"
3919,"Customer 3919","Gold","Pune"
3920,"Customer 3920","Silver","Bengaluru"
3921,"Customer 3921","Bronze","Mumbai"
3922,"Customer 3922","Gold","Delhi"
3923,"Customer 3923","Silver","Pune"
3924,"Customer 3924","Bronze","Bengaluru"
3925,"Customer 3925","Gold","Mumbai"
3926,"Customer 3926","Silver","Delhi"
3927,"Customer 3927","Bronze","Pune"
3928,"Customer 3928","Gold","Bengaluru"
3929,"Customer 3929","Silver","Mumbai"
3930,"Customer 3930","Bronze","Delhi"
3931,"Customer 3931","Gold","Pune"
3932,"Customer 3932","Silver","Bengaluru"
3933,"Customer 3933","Bronze","Mumbai"
3934,"Customer 3934","Gold","Delhi"
3935,"Customer 3935","Silver","Pune"
3936,"Customer 3936","Bronze","Bengaluru"
3937,"Customer 3937","Gold","Mumbai"
3938,"Customer 3938","Silver","Delhi"
3939,"Customer 3939","Bronze","Pune"
3940,"Customer 3940","Gold","Bengaluru"
3941,"Customer 3941","Silver","Mumbai"
3942,"Customer 3942","Bronze","Delhi"
3943,"Customer 3943","Gold","Pune"
3944,"Customer 3944","Silver","Bengaluru"
3945,"Customer 3945","Bronze","Mumbai"
3946,"Customer 3946","Gold","Delhi"
3947,"Customer 3947","Silver","Pune"
3948,"Customer 3948","Bronze","Bengaluru"
3949,"Customer 3949","Gold","Mumbai"
3950,"Customer 3950","Silver","Delhi"
3951,"Customer 3951","Bronze","Pune"
3952,"Customer 3952","Gold","Bengaluru"
3953,"Customer 3953","Silver","Mumbai"
3954,"Customer 3954","Bronze","Delhi"
3955,"Customer 3955","Gold","Pune"
3956,"Customer 3956","Silver","Bengaluru"
3957,"Customer 3957","Bronze","Mumbai"
3958,"Customer 3958","Gold","Delhi"
3959,"Customer 3959","Silver","Pune"
3960,"Customer 3960","Bronze","Bengaluru"
3961,"Customer 3961","Gold","Mumbai"
3962,"Customer 3962","Silver","Delhi"
3963,"Customer 3963","Bronze","Pune"
3964,"Customer 3964","Gold","Bengaluru"
3965,"Customer 3965","Silver","Mumbai"
3966,"Customer 3966","Bronze","Delhi"
3967,"Customer 3967","Gold","Pune"
3968,"Customer 3968","Silver","Bengaluru"
3969,"Customer 3969","Bronze","Mumbai"
3970,"Customer 3970","Gold","Delhi"
3971,"Customer 3971","Silver","Pune"
3972,"Customer 3972","Bronze","Bengaluru"
3973,"Customer 3973","Gold","Mumbai"
3974,"Customer 3974","Silver","Delhi"
3975,"Customer 3975","Bronze","Pune"
3976,"Customer 3976","Gold","Bengaluru"
3977,"Customer 3977","Silver","Mumbai"
3978,"Customer 3978","Bronze","Delhi"
3979,"Customer 3979","Gold","Pune"
3980,"Customer 3980","Silver","Bengaluru"
3981,"Customer 3981","Bronze","Mumbai"
3982,"Customer 3982","Gold","Delhi"
3983,"Customer 3983","Silver","Pune"
3984,"Customer 3984","Bronze","Bengaluru"
3985,"Customer 3985","Gold","Mumbai"
3986,"Customer 3986","Silver","Delhi"
3987,"Customer 3987","Bronze","Pune"
3988,"Customer 3988","Gold","Bengaluru"
3989,"Customer 3989","Silver","Mumbai"
3990,"Customer 3990","Bronze","Delhi"
3991,"Customer 3991","Gold","Pune"
3992,"Customer 3992","Silver","Bengaluru"
3993,"Customer 3993","Bronze","Mumbai"
3994,"Customer 3994","Gold","Delhi"
3995,"Customer 3995","Silver","Pune"
3996,"Customer 3996","Bronze","Bengaluru"
3997,"Customer 3997","Gold","Mumbai"
3998,"Customer 3998","Silver","Delhi"
3999,"Customer 3999","Bronze","Pune"
4000,"Customer 4000","Gold","Bengaluru"
4001,"Customer 4001","Silver","Mumbai"
4002,"Customer 4002","Bronze","Delhi"
4003,"Customer 4003","Gold","Pune"
4004,"Customer 4004","Silver","Bengaluru"
4005,"Customer 4005","Bronze","Mumbai"
4006,"Customer 4006","Gold","Delhi"
4007,"Customer 4007","Silver","Pune"
4008,"Customer 4008","Bronze","Bengaluru"
4009,"Customer 4009","Gold","Mumbai"
4010,"Customer 4010","Silver","Delhi"
4011,"Customer 4011","Bronze","Pune"
4012,"Customer 4012","Gold","Bengaluru"
4013,"Customer 4013","Silver","Mumbai"
4014,"Customer 4014","Bronze","Delhi"
4015,"Customer 4015","Gold","Pune"
4016,"Customer 4016","Silver","Bengaluru"
4017,"Customer 4017","Bronze","Mumbai"
4018,"Customer 4018","Gold","Delhi"
4019,"Customer 4019","Silver","Pune"
4020,"Customer 4020","Bronze","Bengaluru"
4021,"Customer 4021","Gold","Mumbai"
4022,"Customer 4022","Silver","Delhi"
4023,"Customer 4023","Bronze","Pune"
4024,"Customer 4024","Gold","Bengaluru"
4025,"Customer 4025","Silver","Mumbai"
4026,"Customer 4026","Bronze","Delhi"
4027,"Customer 4027","Gold","Pune"
4028,"Customer 4028","Silver","Bengaluru"
4029,"Customer 4029","Bronze","Mumbai"
4030,"Customer 4030","Gold","Delhi"
4031,"Customer 4031","Silver","Pune"
4032,"Customer 4032","Bronze","Bengaluru"
4033,"Customer 4033","Gold","Mumbai"
4034,"Customer 4034","Silver","Delhi"
4035,"Customer 4035","Bronze","Pune"
4036,"Customer 4036","Gold","Bengaluru"
4037,"Customer 4037","Silver","Mumbai"
4038,"Customer 4038","Bronze","Delhi"
4039,"Customer 4039","Gold","Pune"
4040,"Customer 4040","Silver","Bengaluru"
4041,"Customer 4041","Bronze","Mumbai"
4042,"Customer 4042","Gold","Delhi"
4043,"Customer 4043","Silver","Pune"
4044,"Customer 4044","Bronze","Bengaluru"
4045,"Customer 4045","Gold","Mumbai"
4046,"Customer 4046","Silver","Delhi"
4047,"Customer 4047","Bronze","Pune"
4048,"Customer 4048","Gold","Bengaluru"
4049,"Customer 4049","Silver","Mumbai"
4050,"Customer 4050","Bronze","Delhi"
4051,"Customer 4051","Gold","Pune"
4052,"Customer 4052","Silver","Bengaluru"
4053,"Customer 4053","Bronze","Mumbai"
4054,"Customer 4054","Gold","Delhi"
4055,"Customer 4055","Silver","Pune"
4056,"Customer 4056","Bronze","Bengaluru"
4057,"Customer 4057","Gold","Mumbai"
4058,"Customer 4058","Silver","Delhi"
4059,"Customer 4059","Bronze","Pune"
4060,"Customer 4060","Gold","Bengaluru"
4061,"Customer 4061","Silver","Mumbai"
4062,"Customer 4062","Bronze","Delhi"
4063,"Customer 4063","Gold","Pune"
4064,"Customer 4064","Silver","Bengaluru"
4065,"Customer 4065","Bronze","Mumbai"
4066,"Customer 4066","Gold","Delhi"
4067,"Customer 4067","Silver","Pune"
4068,"Customer 4068","Bronze","Bengaluru"
4069,"Customer 4069","Gold","Mumbai"
4070,"Customer 4070","Silver","Delhi"
4071,"Customer 4071","Bronze","Pune"
4072,"Customer 4072","Gold","Bengaluru"
4073,"Customer 4073","Silver","Mumbai"
4074,"Customer 4074","Bronze","Delhi"
4075,"Customer 4075","Gold","Pune"
4076,"Customer 4076","Silver","Bengaluru"
4077,"Customer 4077","Bronze","Mumbai"
4078,"Customer 4078","Gold","Delhi"
4079,"Customer 4079","Silver","Pune"
4080,"Customer 4080","Bronze","Bengaluru"
4081,"Customer 4081","Gold","Mumbai"
4082,"Customer 4082","Silver","Delhi"
4083,"Customer 4083","Bronze","Pune"
4084,"Customer 4084","Gold","Bengaluru"
4085,"Customer 4085","Silver","Mumbai"
4086,"Customer 4086","Bronze","Delhi"
4087,"Customer 4087","Gold","Pune"
4088,"Customer 4088","Silver","Bengaluru"
4089,"Customer 4089","Bronze","Mumbai"
4090,"Customer 4090","Gold","Delhi"
4091,"Customer 4091","Silver","Pune"
4092,"Customer 4092","Bronze","Bengaluru"
4093,"Customer 4093","Gold","Mumbai"
4094,"Customer 4094","Silver","Delhi"
4095,"Customer 4095","Bronze","Pune"
4096,"Customer 4096","Gold","Bengaluru"
4097,"Customer 4097","Silver","Mumbai"
4098,"Customer 4098","Bronze","Delhi"
4099,"Customer 4099","Gold","Pune"
4100,"Customer 4100","Silver","Bengaluru"
4101,"Customer 4101","Bronze","Mumbai"
4102,"Customer 4102","Gold","Delhi"
4103,"Customer 4103","Silver","Pune"
4104,"Customer 4104","Bronze","Bengaluru"
4105,"Customer 4105","Gold","Mumbai"
4106,"Customer 4106","Silver","Delhi"
4107,"Customer 4107","Bronze","Pune"
4108,"Customer 4108","Gold","Bengaluru"
4109,"Customer 4109","Silver","Mumbai"
4110,"Customer 4110","Bronze","Delhi"
4111,"Customer 4111","Gold","Pune"
4112,"Customer 4112","Silver","Bengaluru"
4113,"Customer 4113","Bronze","Mumbai"
4114,"Customer 4114","Gold","Delhi"
4115,"Customer 4115","Silver","Pune"
4116,"Customer 4116","Bronze","Bengaluru"
4117,"Customer 4117","Gold","Mumbai"
4118,"Customer 4118","Silver","Delhi"
4119,"Customer 4119","Bronze","Pune"
4120,"Customer 4120","Gold","Bengaluru"
4121,"Customer 4121","Silver","Mumbai"
4122,"Customer 4122","Bronze","Delhi"
4123,"Customer 4123","Gold","Pune"
4124,"Customer 4124","Silver","Bengaluru"
4125,"Customer 4125","Bronze","Mumbai"
4126,"Customer 4126","Gold","Delhi"
4127,"Customer 4127","Silver","Pune"
4128,"Customer 4128","Bronze","Bengaluru"
4129,"Customer 4129","Gold","Mumbai"
4130,"Customer 4130","Silver","Delhi"
4131,"Customer 4131","Bronze","Pune"
4132,"Customer 4132","Gold","Bengaluru"
4133,"Customer 4133","Silver","Mumbai"
4134,"Customer 4134","Bronze","Delhi"
4135,"Customer 4135","Gold","Pune"
4136,"Customer 4136","Silver","Bengaluru"
4137,"Customer 4137","Bronze","Mumbai"
4138,"Customer 4138","Gold","Delhi"
4139,"Customer 4139","Silver","Pune"
4140,"Customer 4140","Bronze","Bengaluru"
4141,"Customer 4141","Gold","Mumbai"
4142,"Customer 4142","Silver","Delhi"
4143,"Customer 4143","Bronze","Pune"
4144,"Customer 4144","Gold","Bengaluru"
4145,"Customer 4145","Silver","Mumbai"
4146,"Customer 4146","Bronze","Delhi"
4147,"Customer 4147","Gold","Pune"
4148,"Customer 4148","Silver","Bengaluru"
4149,"Customer 4149","Bronze","Mumbai"
4150,"Customer 4150","Gold","Delhi"
4151,"Customer 4151","Silver","Pune"
4152,"Customer 4152","Bronze","Bengaluru"
4153,"Customer 4153","Gold","Mumbai"
4154,"Customer 4154","Silver","Delhi"
4155,"Customer 4155","Bronze","Pune"
4156,"Customer 4156","Gold","Bengaluru"
4157,"Customer 4157","Silver","Mumbai"
4158,"Customer 4158","Bronze","Delhi"
4159,"Customer 4159","Gold","Pune"
4160,"Customer 4160","Silver","Bengaluru"
4161,"Customer 4161","Bronze","Mumbai"
4162,"Customer 4162","Gold","Delhi"
4163,"Customer 4163","Silver","Pune"
4164,"Customer 4164","Bronze","Bengaluru"
4165,"Customer 4165","Gold","Mumbai"
4166,"Customer 4166","Silver","Delhi"
4167,"Customer 4167","Bronze","Pune"
4168,"Customer 4168","Gold","Bengaluru"
4169,"Customer 4169","Silver","Mumbai"
4170,"Customer 4170","Bronze","Delhi"
4171,"Customer 4171","Gold","Pune"
4172,"Customer 4172","Silver","Bengaluru"
4173,"Customer 4173","Bronze","Mumbai"
4174,"Customer 4174","Gold","Delhi"
4175,"Customer 4175","Silver","Pune"
4176,"Customer 4176","Bronze","Bengaluru"
4177,"Customer 4177","Gold","Mumbai"
4178,"Customer 4178","Silver","Delhi"
4179,"Customer 4179","Bronze","Pune"
4180,"Customer 4180","Gold","Bengaluru"
4181,"Customer 4181","Silver","Mumbai"
4182,"Customer 4182","Bronze","Delhi"
4183,"Customer 4183","Gold","Pune"
4184,"Customer 4184","Silver","Bengaluru"
4185,"Customer 4185","Bronze","Mumbai"
4186,"Customer 4186","Gold","Delhi"
4187,"Customer 4187","Silver","Pune"
4188,"Customer 4188","Bronze","Bengaluru"
4189,"Customer 4189","Gold","Mumbai"
4190,"Customer 4190","Silver","Delhi"
4191,"Customer 4191","Bronze","Pune"
4192,"Customer 4192","Gold","Bengaluru"
4193,"Customer 4193","Silver","Mumbai"
4194,"Customer 4194","Bronze","Delhi"
4195,"Customer 4195","Gold","Pune"
4196,"Customer 4196","Silver","Bengaluru"
4197,"Customer 4197","Bronze","Mumbai"
4198,"Customer 4198","Gold","Delhi"
4199,"Customer 4199","Silver","Pune"
4200,"Customer 4200","Bronze","Bengaluru"
4201,"Customer 4201","Gold","Mumbai"
4202,"Customer 4202","Silver","Delhi"
4203,"Customer 4203","Bronze","Pune"
4204,"Customer 4204","Gold","Bengaluru"
4205,"Customer 4205","Silver","Mumbai"
4206,"Customer 4206","Bronze","Delhi"
4207,"Customer 4207","Gold","Pune"
4208,"Customer 4208","Silver","Bengaluru"
4209,"Customer 4209","Bronze","Mumbai"
4210,"Customer 4210","Gold","Delhi"
4211,"Customer 4211","Silver","Pune"
4212,"Customer 4212","Bronze","Bengaluru"
4213,"Customer 4213","Gold","Mumbai"
4214,"Customer 4214","Silver","Delhi"
4215,"Customer 4215","Bronze","Pune"
4216,"Customer 4216","Gold","Bengaluru"
4217,"Customer 4217","Silver","Mumbai"
4218,"Customer 4218","Bronze","Delhi"
4219,"Customer 4219","Gold","Pune"
4220,"Customer 4220","Silver","Bengaluru"
4221,"Customer 4221","Bronze","Mumbai"
4222,"Customer 4222","Gold","Delhi"
4223,"Customer 4223","Silver","Pune"
4224,"Customer 4224","Bronze","Bengaluru"
4225,"Customer 4225","Gold","Mumbai"
4226,"Customer 4226","Silver","Delhi"
4227,"Customer 4227","Bronze","Pune"
4228,"Customer 4228","Gold","Bengaluru"
4229,"Customer 4229","Silver","Mumbai"
4230,"Customer 4230","Bronze","Delhi"
4231,"Customer 4231","Gold","Pune"
4232,"Customer 4232","Silver","Bengaluru"
4233,"Customer 4233","Bronze","Mumbai"
4234,"Customer 4234","Gold","Delhi"
4235,"Customer 4235","Silver","Pune"
4236,"Customer 4236","Bronze","Bengaluru"
4237,"Customer 4237","Gold","Mumbai"
4238,"Customer 4238","Silver","Delhi"
4239,"Customer 4239","Bronze","Pune"
4240,"Customer 4240","Gold","Bengaluru"
4241,"Customer 4241","Silver","Mumbai"
4242,"Customer 4242","Bronze","Delhi"
4243,"Customer 4243","Gold","Pune"
4244,"Customer 4244","Silver","Bengaluru"
4245,"Customer 4245","Bronze","Mumbai"
4246,"Customer 4246","Gold","Delhi"
4247,"Customer 4247","Silver","Pune"
4248,"Customer 4248","Bronze","Bengaluru"
4249,"Customer 4249","Gold","Mumbai"
4250,"Customer 4250","Silver","Delhi"
4251,"Customer 4251","Bronze","Pune"
4252,"Customer 4252","Gold","Bengaluru"
4253,"Customer 4253","Silver","Mumbai"
4254,"Customer 4254","Bronze","Delhi"
4255,"Customer 4255","Gold","Pune"
4256,"Customer 4256","Silver","Bengaluru"
4257,"Customer 4257","Bronze","Mumbai"
4258,"Customer 4258","Gold","Delhi"
4259,"Customer 4259","Silver","Pune"
4260,"Customer 4260","Bronze","Bengaluru"
4261,"Customer 4261","Gold","Mumbai"
4262,"Customer 4262","Silver","Delhi"
4263,"Customer 4263","Bronze","Pune"
4264,"Customer 4264","Gold","Bengaluru"
4265,"Customer 4265","Silver","Mumbai"
4266,"Customer 4266","Bronze","Delhi"
4267,"Customer 4267","Gold","Pune"
4268,"Customer 4268","Silver","Bengaluru"
4269,"Customer 4269","Bronze","Mumbai"
4270,"Customer 4270","Gold","Delhi"
4271,"Customer 4271","Silver","Pune"
4272,"Customer 4272","Bronze","Bengaluru"
4273,"Customer 4273","Gold","Mumbai"
4274,"Customer 4274","Silver","Delhi"
4275,"Customer 4275","Bronze","Pune"
4276,"Customer 4276","Gold","Bengaluru"
4277,"Customer 4277","Silver","Mumbai"
4278,"Customer 4278","Bronze","Delhi"
4279,"Customer 4279","Gold","Pune"
4280,"Customer 4280","Silver","Bengaluru"
4281,"Customer 4281","Bronze","Mumbai"
4282,"Customer 4282","Gold","Delhi"
4283,"Customer 4283","Silver","Pune"
4284,"Customer 4284","Bronze","Bengaluru"
4285,"Customer 4285","Gold","Mumbai"
4286,"Customer 4286","Silver","Delhi"
4287,"Customer 4287","Bronze","Pune"
4288,"Customer 4288","Gold","Bengaluru"
4289,"Customer 4289","Silver","Mumbai"
4290,"Customer 4290","Bronze","Delhi"
4291,"Customer 4291","Gold","Pune"
4292,"Customer 4292","Silver","Bengaluru"
4293,"Customer 4293","Bronze","Mumbai"
4294,"Customer 4294","Gold","Delhi"
4295,"Customer 4295","Silver","Pune"
4296,"Customer 4296","Bronze","Bengaluru"
4297,"Customer 4297","Gold","Mumbai"
4298,"Customer 4298","Silver","Delhi"
4299,"Customer 4299","Bronze","Pune"
4300,"Customer 4300","Gold","Bengaluru"
4301,"Customer 4301","Silver","Mumbai"
4302,"Customer 4302","Bronze","Delhi"
4303,"Customer 4303","Gold","Pune"
4304,"Customer 4304","Silver","Bengaluru"
4305,"Customer 4305","Bronze","Mumbai"
4306,"Customer 4306","Gold","Delhi"
4307,"Customer 4307","Silver","Pune"
4308,"Customer 4308","Bronze","Bengaluru"
4309,"Customer 4309","Gold","Mumbai"
4310,"Customer 4310","Silver","Delhi"
4311,"Customer 4311","Bronze","Pune"
4312,"Customer 4312","Gold","Bengaluru"
4313,"Customer 4313","Silver","Mumbai"
4314,"Customer 4314","Bronze","Delhi"
4315,"Customer 4315","Gold","Pune"
4316,"Customer 4316","Silver","Bengaluru"
4317,"Customer 4317","Bronze","Mumbai"
4318,"Customer 4318","Gold","Delhi"
4319,"Customer 4319","Silver","Pune"
4320,"Customer 4320","Bronze","Bengaluru"
4321,"Customer 4321","Gold","Mumbai"
4322,"Customer 4322","Silver","Delhi"
4323,"Customer 4323","Bronze","Pune"
4324,"Customer 4324","Gold","Bengaluru"
4325,"Customer 4325","Silver","Mumbai"
4326,"Customer 4326","Bronze","Delhi"
4327,"Customer 4327","Gold","Pune"
4328,"Customer 4328","Silver","Bengaluru"
4329,"Customer 4329","Bronze","Mumbai"
4330,"Customer 4330","Gold","Delhi"
4331,"Customer 4331","Silver","Pune"
4332,"Customer 4332","Bronze","Bengaluru"
4333,"Customer 4333","Gold","Mumbai"
4334,"Customer 4334","Silver","Delhi"
4335,"Customer 4335","Bronze","Pune"
4336,"Customer 4336","Gold","Bengaluru"
4337,"Customer 4337","Silver","Mumbai"
4338,"Customer 4338","Bronze","Delhi"
4339,"Customer 4339","Gold","Pune"
4340,"Customer 4340","Silver","Bengaluru"
4341,"Customer 4341","Bronze","Mumbai"
4342,"Customer 4342","Gold","Delhi"
4343,"Customer 4343","Silver","Pune"
4344,"Customer 4344","Bronze","Bengaluru"
4345,"Customer 4345","Gold","Mumbai"
4346,"Customer 4346","Silver","Delhi"
4347,"Customer 4347","Bronze","Pune"
4348,"Customer 4348","Gold","Bengaluru"
4349,"Customer 4349","Silver","Mumbai"
4350,"Customer 4350","Bronze","Delhi"
4351,"Customer 4351","Gold","Pune"
4352,"Customer 4352","Silver","Bengaluru"
4353,"Customer 4353","Bronze","Mumbai"
4354,"Customer 4354","Gold","Delhi"
4355,"Customer 4355","Silver","Pune"
4356,"Customer 4356","Bronze","Bengaluru"
4357,"Customer 4357","Gold","Mumbai"
4358,"Customer 4358","Silver","Delhi"
4359,"Customer 4359","Bronze","Pune"
4360,"Customer 4360","Gold","Bengaluru"
4361,"Customer 4361","Silver","Mumbai"
4362,"Customer 4362","Bronze","Delhi"
4363,"Customer 4363","Gold","Pune"
4364,"Customer 4364","Silver","Bengaluru"
4365,"Customer 4365","Bronze","Mumbai"
4366,"Customer 4366","Gold","Delhi"
4367,"Customer 4367","Silver","Pune"
4368,"Customer 4368","Bronze","Bengaluru"
4369,"Customer 4369","Gold","Mumbai"
4370,"Customer 4370","Silver","Delhi"
4371,"Customer 4371","Bronze","Pune"
4372,"Customer 4372","Gold","Bengaluru"
4373,"Customer 4373","Silver","Mumbai"
4374,"Customer 4374","Bronze","Delhi"
4375,"Customer 4375","Gold","Pune"
4376,"Customer 4376","Silver","Bengaluru"
4377,"Customer 4377","Bronze","Mumbai"
4378,"Customer 4378","Gold","Delhi"
4379,"Customer 4379","Silver","Pune"
4380,"Customer 4380","Bronze","Bengaluru"
4381,"Customer 4381","Gold","Mumbai"
4382,"Customer 4382","Silver","Delhi"
4383,"Customer 4383","Bronze","Pune"
4384,"Customer 4384","Gold","Bengaluru"
4385,"Customer 4385","Silver","Mumbai"
4386,"Customer 4386","Bronze","Delhi"
4387,"Customer 4387","Gold","Pune"
4388,"Customer 4388","Silver","Bengaluru"
4389,"Customer 4389","Bronze","Mumbai"
4390,"Customer 4390","Gold","Delhi"
4391,"Customer 4391","Silver","Pune"
4392,"Customer 4392","Bronze","Bengaluru"
4393,"Customer 4393","Gold","Mumbai"
4394,"Customer 4394","Silver","Delhi"
4395,"Customer 4395","Bronze","Pune"
4396,"Customer 4396","Gold","Bengaluru"
4397,"Customer 4397","Silver","Mumbai"
4398,"Customer 4398","Bronze","Delhi"
4399,"Customer 4399","Gold","Pune"
4400,"Customer 4400","Silver","Bengaluru"
4401,"Customer 4401","Bronze","Mumbai"
4402,"Customer 4402","Gold","Delhi"
4403,"Customer 4403","Silver","Pune"
4404,"Customer 4404","Bronze","Bengaluru"
4405,"Customer 4405","Gold","Mumbai"
4406,"Customer 4406","Silver","Delhi"
4407,"Customer 4407","Bronze","Pune"
4408,"Customer 4408","Gold","Bengaluru"
4409,"Customer 4409","Silver","Mumbai"
4410,"Customer 4410","Bronze","Delhi"
4411,"Customer 4411","Gold","Pune"
4412,"Customer 4412","Silver","Bengaluru"
4413,"Customer 4413","Bronze","Mumbai"
4414,"Customer 4414","Gold","Delhi"
4415,"Customer 4415","Silver","Pune"
4416,"Customer 4416","Bronze","Bengaluru"
4417,"Customer 4417","Gold","Mumbai"
4418,"Customer 4418","Silver","Delhi"
4419,"Customer 4419","Bronze","Pune"
4420,"Customer 4420","Gold","Bengaluru"
4421,"Customer 4421","Silver","Mumbai"
4422,"Customer 4422","Bronze","Delhi"
4423,"Customer 4423","Gold","Pune"
4424,"Customer 4424","Silver","Bengaluru"
4425,"Customer 4425","Bronze","Mumbai"
4426,"Customer 4426","Gold","Delhi"
4427,"Customer 4427","Silver","Pune"
4428,"Customer 4428","Bronze","Bengaluru"
4429,"Customer 4429","Gold","Mumbai"
4430,"Customer 4430","Silver","Delhi"
4431,"Customer 4431","Bronze","Pune"
4432,"Customer 4432","Gold","Bengaluru"
4433,"Customer 4433","Silver","Mumbai"
4434,"Customer 4434","Bronze","Delhi"
4435,"Customer 4435","Gold","Pune"
4436,"Customer 4436","Silver","Bengaluru"
4437,"Customer 4437","Bronze","Mumbai"
4438,"Customer 4438","Gold","Delhi"
4439,"Customer 4439","Silver","Pune"
4440,"Customer 4440","Bronze","Bengaluru"
4441,"Customer 4441","Gold","Mumbai"
4442,"Customer 4442","Silver","Delhi"
4443,"Customer 4443","Bronze","Pune"
4444,"Customer 4444","Gold","Bengaluru"
4445,"Customer 4445","Silver","Mumbai"
4446,"Customer 4446","Bronze","Delhi"
4447,"Customer 4447","Gold","Pune"
4448,"Customer 4448","Silver","Bengaluru"
4449,"Customer 4449","Bronze","Mumbai"
4450,"Customer 4450","Gold","Delhi"
4451,"Customer 4451","Silver","Pune"
4452,"Customer 4452","Bronze","Bengaluru"
4453,"Customer 4453","Gold","Mumbai"
4454,"Customer 4454","Silver","Delhi"
4455,"Customer 4455","Bronze","Pune"
4456,"Customer 4456","Gold","Bengaluru"
4457,"Customer 4457","Silver","Mumbai"
4458,"Customer 4458","Bronze","Delhi"
4459,"Customer 4459","Gold","Pune"
4460,"Customer 4460","Silver","Bengaluru"
4461,"Customer 4461","Bronze","Mumbai"
4462,"Customer 4462","Gold","Delhi"
4463,"Customer 4463","Silver","Pune"
4464,"Customer 4464","Bronze","Bengaluru"
4465,"Customer 4465","Gold","Mumbai"
4466,"Customer 4466","Silver","Delhi"
4467,"Customer 4467","Bronze","Pune"
4468,"Customer 4468","Gold","Bengaluru"
4469,"Customer 4469","Silver","Mumbai"
4470,"Customer 4470","Bronze","Delhi"
4471,"Customer 4471","Gold","Pune"
4472,"Customer 4472","Silver","Bengaluru"
4473,"Customer 4473","Bronze","Mumbai"
4474,"Customer 4474","Gold","Delhi"
4475,"Customer 4475","Silver","Pune"
4476,"Customer 4476","Bronze","Bengaluru"
4477,"Customer 4477","Gold","Mumbai"
4478,"Customer 4478","Silver","Delhi"
4479,"Customer 4479","Bronze","Pune"
4480,"Customer 4480","Gold","Bengaluru"
4481,"Customer 4481","Silver","Mumbai"
4482,"Customer 4482","Bronze","Delhi"
4483,"Customer 4483","Gold","Pune"
4484,"Customer 4484","Silver","Bengaluru"
4485,"Customer 4485","Bronze","Mumbai"
4486,"Customer 4486","Gold","Delhi"
4487,"Customer 4487","Silver","Pune"
4488,"Customer 4488","Bronze","Bengaluru"
4489,"Customer 4489","Gold","Mumbai"
4490,"Customer 4490","Silver","Delhi"
4491,"Customer 4491","Bronze","Pune"
4492,"Customer 4492","Gold","Bengaluru"
4493,"Customer 4493","Silver","Mumbai"
4494,"Customer 4494","Bronze","Delhi"
4495,"Customer 4495","Gold","Pune"
4496,"Customer 4496","Silver","Bengaluru"
4497,"Customer 4497","Bronze","Mumbai"
4498,"Customer 4498","Gold","Delhi"
4499,"Customer 4499","Silver","Pune"
4500,"Customer 4500","Bronze","Bengaluru"
4501,"Customer 4501","Gold","Mumbai"
4502,"Customer 4502","Silver","Delhi"
4503,"Customer 4503","Bronze","Pune"
4504,"Customer 4504","Gold","Bengaluru"
4505,"Customer 4505","Silver","Mumbai"
4506,"Customer 4506","Bronze","Delhi"
4507,"Customer 4507","Gold","Pune"
4508,"Customer 4508","Silver","Bengaluru"
4509,"Customer 4509","Bronze","Mumbai"
4510,"Customer 4510","Gold","Delhi"
4511,"Customer 4511","Silver","Pune"
4512,"Customer 4512","Bronze","Bengaluru"
4513,"Customer 4513","Gold","Mumbai"
4514,"Customer 4514","Silver","Delhi"
4515,"Customer 4515","Bronze","Pune"
4516,"Customer 4516","Gold","Bengaluru"
4517,"Customer 4517","Silver","Mumbai"
4518,"Customer 4518","Bronze","Delhi"
4519,"Customer 4519","Gold","Pune"
4520,"Customer 4520","Silver","Bengaluru"
4521,"Customer 4521","Bronze","Mumbai"
4522,"Customer 4522","Gold","Delhi"
4523,"Customer 4523","Silver","Pune"
4524,"Customer 4524","Bronze","Bengaluru"
4525,"Customer 4525","Gold","Mumbai"
4526,"Customer 4526","Silver","Delhi"
4527,"Customer 4527","Bronze","Pune"
4528,"Customer 4528","Gold","Bengaluru"
4529,"Customer 4529","Silver","Mumbai"
4530,"Customer 4530","Bronze","Delhi"
4531,"Customer 4531","Gold","Pune"
4532,"Customer 4532","Silver","Bengaluru"
4533,"Customer 4533","Bronze","Mumbai"
4534,"Customer 4534","Gold","Delhi"
4535,"Customer 4535","Silver","Pune"
4536,"Customer 4536","Bronze","Bengaluru"
4537,"Customer 4537","Gold","Mumbai"
4538,"Customer 4538","Silver","Delhi"
4539,"Customer 4539","Bronze","Pune"
4540,"Customer 4540","Gold","Bengaluru"
4541,"Customer 4541","Silver","Mumbai"
4542,"Customer 4542","Bronze","Delhi"
4543,"Customer 4543","Gold","Pune"
4544,"Customer 4544","Silver","Bengaluru"
4545,"Customer 4545","Bronze","Mumbai"
4546,"Customer 4546","Gold","Delhi"
4547,"Customer 4547","Silver","Pune"
4548,"Customer 4548","Bronze","Bengaluru"
4549,"Customer 4549","Gold","Mumbai"
4550,"Customer 4550","Silver","Delhi"
4551,"Customer 4551","Bronze","Pune"
4552,"Customer 4552","Gold","Bengaluru"
4553,"Customer 4553","Silver","Mumbai"
4554,"Customer 4554","Bronze","Delhi"
4555,"Customer 4555","Gold","Pune"
4556,"Customer 4556","Silver","Bengaluru"
4557,"Customer 4557","Bronze","Mumbai"
4558,"Customer 4558","Gold","Delhi"
4559,"Customer 4559","Silver","Pune"
4560,"Customer 4560","Bronze","Bengaluru"
4561,"Customer 4561","Gold","Mumbai"
4562,"Customer 4562","Silver","Delhi"
4563,"Customer 4563","Bronze","Pune"
4564,"Customer 4564","Gold","Bengaluru"
4565,"Customer 4565","Silver","Mumbai"
4566,"Customer 4566","Bronze","Delhi"
4567,"Customer 4567","Gold","Pune"
4568,"Customer 4568","Silver","Bengaluru"
4569,"Customer 4569","Bronze","Mumbai"
4570,"Customer 4570","Gold","Delhi"
4571,"Customer 4571","Silver","Pune"
4572,"Customer 4572","Bronze","Bengaluru"
4573,"Customer 4573","Gold","Mumbai"
4574,"Customer 4574","Silver","Delhi"
4575,"Customer 4575","Bronze","Pune"
4576,"Customer 4576","Gold","Bengaluru"
4577,"Customer 4577","Silver","Mumbai"
4578,"Customer 4578","Bronze","Delhi"
4579,"Customer 4579","Gold","Pune"
4580,"Customer 4580","Silver","Bengaluru"
4581,"Customer 4581","Bronze","Mumbai"
4582,"Customer 4582","Gold","Delhi"
4583,"Customer 4583","Silver","Pune"
4584,"Customer 4584","Bronze","Bengaluru"
4585,"Customer 4585","Gold","Mumbai"
4586,"Customer 4586","Silver","Delhi"
4587,"Customer 4587","Bronze","Pune"
4588,"Customer 4588","Gold","Bengaluru"
4589,"Customer 4589","Silver","Mumbai"
4590,"Customer 4590","Bronze","Delhi"
4591,"Customer 4591","Gold","Pune"
4592,"Customer 4592","Silver","Bengaluru"
4593,"Customer 4593","Bronze","Mumbai"
4594,"Customer 4594","Gold","Delhi"
4595,"Customer 4595","Silver","Pune"
4596,"Customer 4596","Bronze","Bengaluru"
4597,"Customer 4597","Gold","Mumbai"
4598,"Customer 4598","Silver","Delhi"
4599,"Customer 4599","Bronze","Pune"
4600,"Customer 4600","Gold","Bengaluru"
4601,"Customer 4601","Silver","Mumbai"
4602,"Customer 4602","Bronze","Delhi"
4603,"Customer 4603","Gold","Pune"
4604,"Customer 4604","Silver","Bengaluru"
4605,"Customer 4605","Bronze","Mumbai"
4606,"Customer 4606","Gold","Delhi"
4607,"Customer 4607","Silver","Pune"
4608,"Customer 4608","Bronze","Bengaluru"
4609,"Customer 4609","Gold","Mumbai"
4610,"Customer 4610","Silver","Delhi"
4611,"Customer 4611","Bronze","Pune"
4612,"Customer 4612","Gold","Bengaluru"
4613,"Customer 4613","Silver","Mumbai"
4614,"Customer 4614","Bronze","Delhi"
4615,"Customer 4615","Gold","Pune"
4616,"Customer 4616","Silver","Bengaluru"
4617,"Customer 4617","Bronze","Mumbai"
4618,"Customer 4618","Gold","Delhi"
4619,"Customer 4619","Silver","Pune"
4620,"Customer 4620","Bronze","Bengaluru"
4621,"Customer 4621","Gold","Mumbai"
4622,"Customer 4622","Silver","Delhi"
4623,"Customer 4623","Bronze","Pune"
4624,"Customer 4624","Gold","Bengaluru"
4625,"Customer 4625","Silver","Mumbai"
4626,"Customer 4626","Bronze","Delhi"
4627,"Customer 4627","Gold","Pune"
4628,"Customer 4628","Silver","Bengaluru"
4629,"Customer 4629","Bronze","Mumbai"
4630,"Customer 4630","Gold","Delhi"
4631,"Customer 4631","Silver","Pune"
4632,"Customer 4632","Bronze","Bengaluru"
4633,"Customer 4633","Gold","Mumbai"
4634,"Customer 4634","Silver","Delhi"
4635,"Customer 4635","Bronze","Pune"
4636,"Customer 4636","Gold","Bengaluru"
4637,"Customer 4637","Silver","Mumbai"
4638,"Customer 4638","Bronze","Delhi"
4639,"Customer 4639","Gold","Pune"
4640,"Customer 4640","Silver","Bengaluru"
4641,"Customer 4641","Bronze","Mumbai"
4642,"Customer 4642","Gold","Delhi"
4643,"Customer 4643","Silver","Pune"
4644,"Customer 4644","Bronze","Bengaluru"
4645,"Customer 4645","Gold","Mumbai"
4646,"Customer 4646","Silver","Delhi"
4647,"Customer 4647","Bronze","Pune"
4648,"Customer 4648","Gold","Bengaluru"
4649,"Customer 4649","Silver","Mumbai"
4650,"Customer 4650","Bronze","Delhi"
4651,"Customer 4651","Gold","Pune"
4652,"Customer 4652","Silver","Bengaluru"
4653,"Customer 4653","Bronze","Mumbai"
4654,"Customer 4654","Gold","Delhi"
4655,"Customer 4655","Silver","Pune"
4656,"Customer 4656","Bronze","Bengaluru"
4657,"Customer 4657","Gold","Mumbai"
4658,"Customer 4658","Silver","Delhi"
4659,"Customer 4659","Bronze","Pune"
4660,"Customer 4660","Gold","Bengaluru"
4661,"Customer 4661","Silver","Mumbai"
4662,"Customer 4662","Bronze","Delhi"
4663,"Customer 4663","Gold","Pune"
4664,"Customer 4664","Silver","Bengaluru"
4665,"Customer 4665","Bronze","Mumbai"
4666,"Customer 4666","Gold","Delhi"
4667,"Customer 4667","Silver","Pune"
4668,"Customer 4668","Bronze","Bengaluru"
4669,"Customer 4669","Gold","Mumbai"
4670,"Customer 4670","Silver","Delhi"
4671,"Customer 4671","Bronze","Pune"
4672,"Customer 4672","Gold","Bengaluru"
4673,"Customer 4673","Silver","Mumbai"
4674,"Customer 4674","Bronze","Delhi"
4675,"Customer 4675","Gold","Pune"
4676,"Customer 4676","Silver","Bengaluru"
4677,"Customer 4677","Bronze","Mumbai"
4678,"Customer 4678","Gold","Delhi"
4679,"Customer 4679","Silver","Pune"
4680,"Customer 4680","Bronze","Bengaluru"
4681,"Customer 4681","Gold","Mumbai"
4682,"Customer 4682","Silver","Delhi"
4683,"Customer 4683","Bronze","Pune"
4684,"Customer 4684","Gold","Bengaluru"
4685,"Customer 4685","Silver","Mumbai"
4686,"Customer 4686","Bronze","Delhi"
4687,"Customer 4687","Gold","Pune"
4688,"Customer 4688","Silver","Bengaluru"
4689,"Customer 4689","Bronze","Mumbai"
4690,"Customer 4690","Gold","Delhi"
4691,"Customer 4691","Silver","Pune"
4692,"Customer 4692","Bronze","Bengaluru"
4693,"Customer 4693","Gold","Mumbai"
4694,"Customer 4694","Silver","Delhi"
4695,"Customer 4695","Bronze","Pune"
4696,"Customer 4696","Gold","Bengaluru"
4697,"Customer 4697","Silver","Mumbai"
4698,"Customer 4698","Bronze","Delhi"
4699,"Customer 4699","Gold","Pune"
4700,"Customer 4700","Silver","Bengaluru"
4701,"Customer 4701","Bronze","Mumbai"
4702,"Customer 4702","Gold","Delhi"
4703,"Customer 4703","Silver","Pune"
4704,"Customer 4704","Bronze","Bengaluru"
4705,"Customer 4705","Gold","Mumbai"
4706,"Customer 4706","Silver","Delhi"
4707,"Customer 4707","Bronze","Pune"
4708,"Customer 4708","Gold","Bengaluru"
4709,"Customer 4709","Silver","Mumbai"
4710,"Customer 4710","Bronze","Delhi"
4711,"Customer 4711","Gold","Pune"
4712,"Customer 4712","Silver","Bengaluru"
4713,"Customer 4713","Bronze","Mumbai"
4714,"Customer 4714","Gold","Delhi"
4715,"Customer 4715","Silver","Pune"
4716,"Customer 4716","Bronze","Bengaluru"
4717,"Customer 4717","Gold","Mumbai"
4718,"Customer 4718","Silver","Delhi"
4719,"Customer 4719","Bronze","Pune"
4720,"Customer 4720","Gold","Bengaluru"
4721,"Customer 4721","Silver","Mumbai"
4722,"Customer 4722","Bronze","Delhi"
4723,"Customer 4723","Gold","Pune"
4724,"Customer 4724","Silver","Bengaluru"
4725,"Customer 4725","Bronze","Mumbai"
4726,"Customer 4726","Gold","Delhi"
4727,"Customer 4727","Silver","Pune"
4728,"Customer 4728","Bronze","Bengaluru"
4729,"Customer 4729","Gold","Mumbai"
4730,"Customer 4730","Silver","Delhi"
4731,"Customer 4731","Bronze","Pune"
4732,"Customer 4732","Gold","Bengaluru"
4733,"Customer 4733","Silver","Mumbai"
4734,"Customer 4734","Bronze","Delhi"
4735,"Customer 4735","Gold","Pune"
4736,"Customer 4736","Silver","Bengaluru"
4737,"Customer 4737","Bronze","Mumbai"
4738,"Customer 4738","Gold","Delhi"
4739,"Customer 4739","Silver","Pune"
4740,"Customer 4740","Bronze","Bengaluru"
4741,"Customer 4741","Gold","Mumbai"
4742,"Customer 4742","Silver","Delhi"
4743,"Customer 4743","Bronze","Pune"
4744,"Customer 4744","Gold","Bengaluru"
4745,"Customer 4745","Silver","Mumbai"
4746,"Customer 4746","Bronze","Delhi"
4747,"Customer 4747","Gold","Pune"
4748,"Customer 4748","Silver","Bengaluru"
4749,"Customer 4749","Bronze","Mumbai"
4750,"Customer 4750","Gold","Delhi"
4751,"Customer 4751","Silver","Pune"
4752,"Customer 4752","Bronze","Bengaluru"
4753,"Customer 4753","Gold","Mumbai"
4754,"Customer 4754","Silver","Delhi"
4755,"Customer 4755","Bronze","Pune"
4756,"Customer 4756","Gold","Bengaluru"
4757,"Customer 4757","Silver","Mumbai"
4758,"Customer 4758","Bronze","Delhi"
4759,"Customer 4759","Gold","Pune"
4760,"Customer 4760","Silver","Bengaluru"
4761,"Customer 4761","Bronze","Mumbai"
4762,"Customer 4762","Gold","Delhi"
4763,"Customer 4763","Silver","Pune"
4764,"Customer 4764","Bronze","Bengaluru"
4765,"Customer 4765","Gold","Mumbai"
4766,"Customer 4766","Silver","Delhi"
4767,"Customer 4767","Bronze","Pune"
4768,"Customer 4768","Gold","Bengaluru"
4769,"Customer 4769","Silver","Mumbai"
4770,"Customer 4770","Bronze","Delhi"
4771,"Customer 4771","Gold","Pune"
4772,"Customer 4772","Silver","Bengaluru"
4773,"Customer 4773","Bronze","Mumbai"
4774,"Customer 4774","Gold","Delhi"
4775,"Customer 4775","Silver","Pune"
4776,"Customer 4776","Bronze","Bengaluru"
4777,"Customer 4777","Gold","Mumbai"
4778,"Customer 4778","Silver","Delhi"
4779,"Customer 4779","Bronze","Pune"
4780,"Customer 4780","Gold","Bengaluru"
4781,"Customer 4781","Silver","Mumbai"
4782,"Customer 4782","Bronze","Delhi"
4783,"Customer 4783","Gold","Pune"
4784,"Customer 4784","Silver","Bengaluru"
4785,"Customer 4785","Bronze","Mumbai"
4786,"Customer 4786","Gold","Delhi"
4787,"Customer 4787","Silver","Pune"
4788,"Customer 4788","Bronze","Bengaluru"
4789,"Customer 4789","Gold","Mumbai"
4790,"Customer 4790","Silver","Delhi"
4791,"Customer 4791","Bronze","Pune"
4792,"Customer 4792","Gold","Bengaluru"
4793,"Customer 4793","Silver","Mumbai"
4794,"Customer 4794","Bronze","Delhi"
4795,"Customer 4795","Gold","Pune"
4796,"Customer 4796","Silver","Bengaluru"
4797,"Customer 4797","Bronze","Mumbai"
4798,"Customer 4798","Gold","Delhi"
4799,"Customer 4799","Silver","Pune"
4800,"Customer 4800","Bronze","Bengaluru"
4801,"Customer 4801","Gold","Mumbai"
4802,"Customer 4802","Silver","Delhi"
4803,"Customer 4803","Bronze","Pune"
4804,"Customer 4804","Gold","Bengaluru"
4805,"Customer 4805","Silver","Mumbai"
4806,"Customer 4806","Bronze","Delhi"
4807,"Customer 4807","Gold","Pune"
4808,"Customer 4808","Silver","Bengaluru"
4809,"Customer 4809","Bronze","Mumbai"
4810,"Customer 4810","Gold","Delhi"
4811,"Customer 4811","Silver","Pune"
4812,"Customer 4812","Bronze","Bengaluru"
4813,"Customer 4813","Gold","Mumbai"
4814,"Customer 4814","Silver","Delhi"
4815,"Customer 4815","Bronze","Pune"
4816,"Customer 4816","Gold","Bengaluru"
4817,"Customer 4817","Silver","Mumbai"
4818,"Customer 4818","Bronze","Delhi"
4819,"Customer 4819","Gold","Pune"
4820,"Customer 4820","Silver","Bengaluru"
4821,"Customer 4821","Bronze","Mumbai"
4822,"Customer 4822","Gold","Delhi"
4823,"Customer 4823","Silver","Pune"
4824,"Customer 4824","Bronze","Bengaluru"
4825,"Customer 4825","Gold","Mumbai"
4826,"Customer 4826","Silver","Delhi"
4827,"Customer 4827","Bronze","Pune"
4828,"Customer 4828","Gold","Bengaluru"
4829,"Customer 4829","Silver","Mumbai"
4830,"Customer 4830","Bronze","Delhi"
4831,"Customer 4831","Gold","Pune"
4832,"Customer 4832","Silver","Bengaluru"
4833,"Customer 4833","Bronze","Mumbai"
4834,"Customer 4834","Gold","Delhi"
4835,"Customer 4835","Silver","Pune"
4836,"Customer 4836","Bronze","Bengaluru"
4837,"Customer 4837","Gold","Mumbai"
4838,"Customer 4838","Silver","Delhi"
4839,"Customer 4839","Bronze","Pune"
4840,"Customer 4840","Gold","Bengaluru"
4841,"Customer 4841","Silver","Mumbai"
4842,"Customer 4842","Bronze","Delhi"
4843,"Customer 4843","Gold","Pune"
4844,"Customer 4844","Silver","Bengaluru"
4845,"Customer 4845","Bronze","Mumbai"
4846,"Customer 4846","Gold","Delhi"
4847,"Customer 4847","Silver","Pune"
4848,"Customer 4848","Bronze","Bengaluru"
4849,"Customer 4849","Gold","Mumbai"
4850,"Customer 4850","Silver","Delhi"
4851,"Customer 4851","Bronze","Pune"
4852,"Customer 4852","Gold","Bengaluru"
4853,"Customer 4853","Silver","Mumbai"
4854,"Customer 4854","Bronze","Delhi"
4855,"Customer 4855","Gold","Pune"
4856,"Customer 4856","Silver","Bengaluru"
4857,"Customer 4857","Bronze","Mumbai"
4858,"Customer 4858","Gold","Delhi"
4859,"Customer 4859","Silver","Pune"
4860,"Customer 4860","Bronze","Bengaluru"
4861,"Customer 4861","Gold","Mumbai"
4862,"Customer 4862","Silver","Delhi"
4863,"Customer 4863","Bronze","Pune"
4864,"Customer 4864","Gold","Bengaluru"
4865,"Customer 4865","Silver","Mumbai"
4866,"Customer 4866","Bronze","Delhi"
4867,"Customer 4867","Gold","Pune"
4868,"Customer 4868","Silver","Bengaluru"
4869,"Customer 4869","Bronze","Mumbai"
4870,"Customer 4870","Gold","Delhi"
4871,"Customer 4871","Silver","Pune"
4872,"Customer 4872","Bronze","Bengaluru"
4873,"Customer 4873","Gold","Mumbai"
4874,"Customer 4874","Silver","Delhi"
4875,"Customer 4875","Bronze","Pune"
4876,"Customer 4876","Gold","Bengaluru"
4877,"Customer 4877","Silver","Mumbai"
4878,"Customer 4878","Bronze","Delhi"
4879,"Customer 4879","Gold","Pune"
4880,"Customer 4880","Silver","Bengaluru"
4881,"Customer 4881","Bronze","Mumbai"
4882,"Customer 4882","Gold","Delhi"
4883,"Customer 4883","Silver","Pune"
4884,"Customer 4884","Bronze","Bengaluru"
4885,"Customer 4885","Gold","Mumbai"
4886,"Customer 4886","Silver","Delhi"
4887,"Customer 4887","Bronze","Pune"
4888,"Customer 4888","Gold","Bengaluru"
4889,"Customer 4889","Silver","Mumbai"
4890,"Customer 4890","Bronze","Delhi"
4891,"Customer 4891","Gold","Pune"
4892,"Customer 4892","Silver","Bengaluru"
4893,"Customer 4893","Bronze","Mumbai"
4894,"Customer 4894","Gold","Delhi"
4895,"Customer 4895","Silver","Pune"
4896,"Customer 4896","Bronze","Bengaluru"
4897,"Customer 4897","Gold","Mumbai"
4898,"Customer 4898","Silver","Delhi"
4899,"Customer 4899","Bronze","Pune"
4900,"Customer 4900","Gold","Bengaluru"
4901,"Customer 4901","Silver","Mumbai"
4902,"Customer 4902","Bronze","Delhi"
4903,"Customer 4903","Gold","Pune"
4904,"Customer 4904","Silver","Bengaluru"
4905,"Customer 4905","Bronze","Mumbai"
4906,"Customer 4906","Gold","Delhi"
4907,"Customer 4907","Silver","Pune"
4908,"Customer 4908","Bronze","Bengaluru"
4909,"Customer 4909","Gold","Mumbai"
4910,"Customer 4910","Silver","Delhi"
4911,"Customer 4911","Bronze","Pune"
4912,"Customer 4912","Gold","Bengaluru"
4913,"Customer 4913","Silver","Mumbai"
4914,"Customer 4914","Bronze","Delhi"
4915,"Customer 4915","Gold","Pune"
4916,"Customer 4916","Silver","Bengaluru"
4917,"Customer 4917","Bronze","Mumbai"
4918,"Customer 4918","Gold","Delhi"
4919,"Customer 4919","Silver","Pune"
4920,"Customer 4920","Bronze","Bengaluru"
4921,"Customer 4921","Gold","Mumbai"
4922,"Customer 4922","Silver","Delhi"
4923,"Customer 4923","Bronze","Pune"
4924,"Customer 4924","Gold","Bengaluru"
4925,"Customer 4925","Silver","Mumbai"
4926,"Customer 4926","Bronze","Delhi"
4927,"Customer 4927","Gold","Pune"
4928,"Customer 4928","Silver","Bengaluru"
4929,"Customer 4929","Bronze","Mumbai"
4930,"Customer 4930","Gold","Delhi"
4931,"Customer 4931","Silver","Pune"
4932,"Customer 4932","Bronze","Bengaluru"
4933,"Customer 4933","Gold","Mumbai"
4934,"Customer 4934","Silver","Delhi"
4935,"Customer 4935","Bronze","Pune"
4936,"Customer 4936","Gold","Bengaluru"
4937,"Customer 4937","Silver","Mumbai"
4938,"Customer 4938","Bronze","Delhi"
4939,"Customer 4939","Gold","Pune"
4940,"Customer 4940","Silver","Bengaluru"
4941,"Customer 4941","Bronze","Mumbai"
4942,"Customer 4942","Gold","Delhi"
4943,"Customer 4943","Silver","Pune"
4944,"Customer 4944","Bronze","Bengaluru"
4945,"Customer 4945","Gold","Mumbai"
4946,"Customer 4946","Silver","Delhi"
4947,"Customer 4947","Bronze","Pune"
4948,"Customer 4948","Gold","Bengaluru"
4949,"Customer 4949","Silver","Mumbai"
4950,"Customer 4950","Bronze","Delhi"
4951,"Customer 4951","Gold","Pune"
4952,"Customer 4952","Silver","Bengaluru"
4953,"Customer 4953","Bronze","Mumbai"
4954,"Customer 4954","Gold","Delhi"
4955,"Customer 4955","Silver","Pune"
4956,"Customer 4956","Bronze","Bengaluru"
4957,"Customer 4957","Gold","Mumbai"
4958,"Customer 4958","Silver","Delhi"
4959,"Customer 4959","Bronze","Pune"
4960,"Customer 4960","Gold","Bengaluru"
4961,"Customer 4961","Silver","Mumbai"
4962,"Customer 4962","Bronze","Delhi"
4963,"Customer 4963","Gold","Pune"
4964,"Customer 4964","Silver","Bengaluru"
4965,"Customer 4965","Bronze","Mumbai"
4966,"Customer 4966","Gold","Delhi"
4967,"Customer 4967","Silver","Pune"
4968,"Customer 4968","Bronze","Bengaluru"
4969,"Customer 4969","Gold","Mumbai"
4970,"Customer 4970","Silver","Delhi"
4971,"Customer 4971","Bronze","Pune"
4972,"Customer 4972","Gold","Bengaluru"
4973,"Customer 4973","Silver","Mumbai"
4974,"Customer 4974","Bronze","Delhi"
4975,"Customer 4975","Gold","Pune"
4976,"Customer 4976","Silver","Bengaluru"
4977,"Customer 4977","Bronze","Mumbai"
4978,"Customer 4978","Gold","Delhi"
4979,"Customer 4979","Silver","Pune"
4980,"Customer 4980","Bronze","Bengaluru"
4981,"Customer 4981","Gold","Mumbai"
4982,"Customer 4982","Silver","Delhi"
4983,"Customer 4983","Bronze","Pune"
4984,"Customer 4984","Gold","Bengaluru"
4985,"Customer 4985","Silver","Mumbai"
4986,"Customer 4986","Bronze","Delhi"
4987,"Customer 4987","Gold","Pune"
4988,"Customer 4988","Silver","Bengaluru"
4989,"Customer 4989","Bronze","Mumbai"
4990,"Customer 4990","Gold","Delhi"
4991,"Customer 4991","Silver","Pune"
4992,"Customer 4992","Bronze","Bengaluru"
4993,"Customer 4993","Gold","Mumbai"
4994,"Customer 4994","Silver","Delhi"
4995,"Customer 4995","Bronze","Pune"
4996,"Customer 4996","Gold","Bengaluru"
4997,"Customer 4997","Silver","Mumbai"
4998,"Customer 4998","Bronze","Delhi"
4999,"Customer 4999","Gold","Pune"
5000,"Customer 5000","Silver","Bengaluru"